date,SPY,XLE,XLF,XLK,XLP,XLV,XLY,WTI,BRENT,NATGAS,COPPER,GOLD,SILVER
2000-01-31,-0.04978811370632996,0.008123078750798207,-0.029871455873497932,-0.06161893251355299,0.008685421075423472,-0.02525472016997443,-0.12427715368891845,0.07336956521739113,0.0862414761331729,0.16956521739130448,0.04474383109038871,,
2000-02-29,-0.015225242958439744,-0.042114721739386574,-0.10710816062176165,0.10522349772333728,-0.11666072643618575,-0.0654265332408599,-0.05551066822276085,0.105605786618445,0.07127031019202379,-0.014869888475836479,-0.0199717981397618,,
2000-03-31,0.09689392777289707,0.124302212926938,0.1830426854454419,0.08375039288218389,0.037469050894085365,0.08991110663493274,0.1415626386160571,-0.12136081125286236,-0.17338848672871432,0.08679245283018866,-0.03720203096249364,,
2000-04-30,-0.035120766702758544,-0.014662836821228264,0.009469471174316624,-0.09181037367540434,0.05277718851647584,-0.011740388590326556,-0.020843741326672105,-0.0428145941921072,-0.007923269391159393,0.07291666666666674,-0.033275376480055185,,
2000-05-31,-0.01572135064387481,0.11738249257336397,0.02245617587015558,-0.10400003930276891,0.07162467361280189,-0.026722309437453573,-0.0540831656226084,0.12913263321664714,0.24590163934426235,0.46278317152103554,0.061353136245602125,,
2000-06-30,0.019703977385550075,-0.055345740055159354,-0.04844724596547967,0.09963318145181188,0.0563546906093797,0.002032653928027761,-0.05421873283189993,0.11746469169824314,0.06545209176788114,-0.03539823008849541,-0.018500442944918816,,
2000-07-31,-0.01570210955046647,-0.03790160312471236,0.08799812714597843,-0.05314385440039893,-0.03646787459857148,-0.014547895021016943,0.01602154512330367,-0.15228113440197277,-0.1988600379987333,-0.13990825688073405,0.029148448006752314,,
2000-08-31,0.06533974712357504,0.10928550924723535,0.10178433388321739,0.10173151054283491,-0.011930969718429218,0.03536279379384499,-0.04153759797093626,0.2032727272727275,0.3865612648221344,0.2693333333333332,0.029937172478121443,,
2000-09-30,-0.054806596864319546,0.01630274053627767,0.021742746992831963,-0.17954686678457055,0.04393755258483689,-0.03647450988150114,0.001301433746177194,-0.06708975521305538,-0.18985176738882548,0.0714285714285714,0.05641465278649416,,
2000-10-31,-0.0046777919673989254,-0.02715974537738708,-0.008622459453910936,-0.057356085454450145,0.06966209963881687,0.015142104803897105,-0.01245586292052081,0.05928085519922255,0.06087262491203371,-0.14313725490196072,-0.03441584400453268,,
2000-11-30,-0.0746530338399436,-0.052695207827008206,-0.05112788397683532,-0.20517051705170508,0.03442887141671158,-0.09118627099018561,-0.024820128103887007,0.027828746177369856,0.07893864013267016,0.4439359267734553,-0.05213884258361612,,
2000-12-31,-0.005153236891903168,0.10225373978712504,0.08539971854516448,-0.09899304070603787,0.036351619299405113,0.01857714327044513,0.07034966765264938,-0.20499851234751565,-0.3058715032277898,0.6608557844690968,0.03163155894821479,,
2001-01-31,0.044459462226864144,-0.03194117857697032,-0.002371229087076765,0.1913198819407287,-0.0728277280299876,0.07229238130612425,0.1164467047747142,0.07110778443113785,0.1775907883082375,-0.4437022900763359,-0.03527488663355649,,
2001-02-28,-0.0953884161405435,-0.012132720121327156,-0.06728196431922273,-0.2490600754837261,0.006036231426305383,-0.019163470207986366,-0.07140705882352938,-0.044374563242487786,-0.053779616397141794,-0.09948542024013718,-0.01171300207133874,,
2001-03-31,-0.05598925960916912,-0.02979318264082187,-0.029901792766344304,-0.11460322972738313,-0.06930016116316551,-0.06402526110236884,-0.014534323910685987,-0.035831809872029274,-0.06597774244833066,0.01904761904761898,-0.013569764314530386,,
2001-04-30,0.08543992220579,0.10325219986620682,0.036169379306107086,0.161687476847312,0.01941529235382311,0.07382602471410116,0.046385337707885554,0.08001516875237003,0.157872340425532,-0.11588785046728955,-0.043731310188604544,,
2001-05-31,-0.005605492760764164,-0.009445182956692055,0.04400231279002531,-0.040957776068728746,0.014684903301713348,0.03819125078800778,0.023806013426513006,-0.003160112359550604,0.04924660051451668,-0.211416490486258,0.011331401568405619,,
2001-06-30,-0.023829693519910156,-0.09116165183406322,-0.007171360002272142,0.019549166299936305,-0.046250733764774954,-0.011298197763255469,-0.007862827737828981,-0.07115181401902082,-0.08196147110332752,-0.21983914209115274,-0.044146956702377005,,
2001-07-31,-0.010195775815988961,-0.011527900108802558,-0.009504534141945742,-0.0692251616244941,0.03043957296455302,-0.019965063655630333,0.04445433608794103,0.012514220705347023,-0.07096528042731776,0.13745704467353947,-0.0519715064369447,,
2001-08-31,-0.059332558895480614,-0.04233823413790394,-0.06612322110628954,-0.12204622978863733,0.0047931215019429985,-0.050759961167242795,-0.08754261784761341,-0.0018726591760299671,0.1006160164271046,-0.35045317220543815,-0.03953383956527856,,
2001-09-30,-0.0815933740662319,-0.09621936702105827,-0.056285323292691536,-0.16376740146019664,-0.0011008285569604759,-0.14478974453324966,-0.12631108674241265,-0.12045028142589109,-0.18395522388059704,-0.16279069767441856,-0.026400503978624257,,
2001-10-31,0.013022191841605135,0.040287050915201794,-0.014181433873227345,0.10909295078745673,-0.006384495007751068,0.0051062375824149075,0.05268051181331135,-0.0955631399317407,-0.10242341106538644,0.7055555555555555,-0.035246474498027425,,
2001-11-30,0.07797667580673551,-0.05585632786121786,0.06493808692761571,0.14940390310577856,0.044180062406648846,0.11600324836794695,0.1331640538750276,-0.08207547169811313,-0.036169128884360524,-0.4039087947882736,0.04132284566285138,,
2001-12-31,0.00561722175396806,0.05714153590036064,0.019524909476838603,-0.021999801803587293,-0.01966477123859034,0.02420519416051814,0.04542000350733599,0.025693730729702047,0.022727272727272707,0.3114754098360655,0.026880068872947138,,
2002-01-31,-0.009799799608499415,-0.03557836718624696,-0.011404865055187341,-0.010830772002116573,-0.006696041606472081,-0.0074187490017459945,0.032869231342727234,-0.012525050100200441,-0.014470284237726116,-0.050000000000000044,0.02402163809128588,,
2002-02-28,-0.01793525387138173,0.034169425923405994,-0.017312397410882863,-0.12974197293390544,0.021008922792754126,0.045982687825990576,0.005413647806119304,0.10502283105022836,0.08704771893025698,0.09210526315789491,0.03523354868327866,,
2002-03-31,0.03324222988670322,0.08849285829154563,0.06607311692404672,0.04888830761182317,0.016061024771726995,0.05798723654824478,0.012698441187820153,0.2033976124885215,0.22238301977809938,0.27710843373493965,0.02947736519429278,,
2002-04-30,-0.05815574316154437,-0.035995379697531416,-0.025416463423647118,-0.12090077059278281,-0.0371660696635987,-0.006082090674796037,-0.027967318292185794,0.042350247996947754,0.06471981057616416,0.14779874213836464,-0.011709087855019784,,
2002-05-31,-0.005932907514150654,-0.017596901384902552,-0.0030257759712437604,-0.041474000737567795,-0.011139019329474698,0.01393870601589109,-0.005132646549366404,-0.07137628111273786,-0.11527057079318015,-0.136986301369863,0.005320063045324952,,
2002-06-30,-0.07375290035827309,-0.036604217781622705,-0.042740438737943975,-0.1336233685518955,-0.10182219768083922,-0.07154158457221327,-0.05266341052168577,0.05597162002364997,0.06116464180980308,0.01587301587301604,0.033544732958398216,,
2002-07-31,-0.07882026529304587,-0.13853967319299287,-0.08313137172325558,-0.09481109516977526,-0.04269027419156535,-0.028899999464120252,-0.11940414006577671,0.008585293019783613,0.03750493485985018,-0.05625000000000002,-0.03774979486177832,,
2002-08-31,0.006801008841821776,0.015054939421384583,0.018658947715080476,-0.008396701700096099,0.007980340277599529,0.009673538760374356,0.030185860538687992,0.07216876387860838,0.0487062404870624,0.0331125827814569,-0.06634080991016211,,
2002-09-30,-0.10485135135135137,-0.0713636363636364,-0.11490556406329766,-0.16690135484853108,-0.07228229937393293,-0.06196131585131914,-0.08916233046148592,0.055919917155678345,0.05624092888243837,0.3108974358974359,-0.002686192690391942,,
2002-10-31,0.08228287616430907,0.01841881039139981,0.09144125958821148,0.24768735296133038,0.03890669352623388,0.05831080451197912,0.0674884690126667,-0.11147433801896045,-0.12366884232222597,0.07334963325183375,0.00489433837212272,,
2002-11-30,0.06168095241416349,0.04129804012318217,0.03723568214043538,0.15853546910755134,-0.027728077984117694,0.030901783748073175,0.04628949301983831,-0.011405445180279528,0.009016072128576802,-0.04555808656036431,0.06383111722555324,,
2002-12-31,-0.05663581362044834,0.00011966425628662236,-0.05428995966886008,-0.13221142450817736,0.0027467297598651186,-0.037617554858934144,-0.0852444239476775,0.16151842203200584,0.17016317016317029,0.09546539379474916,0.007544801170523918,,
2003-01-31,-0.024595158263436945,-0.025075208532749804,-0.012731076215871662,-0.02363523799118672,-0.03409994937441241,-0.0033905076882951857,-0.03331996562589501,0.07369432874078807,0.048140770252323994,0.21568627450980404,0.036000241813328726,,
2003-02-28,-0.013478638000763876,0.02938443466521723,-0.030846739357783926,0.004830287206266215,-0.03063344689453773,-0.02229423490239324,-0.004480424810648809,0.09698597433601908,0.07697180867912579,0.9372759856630826,0.019289450463712443,,
2003-03-31,0.0020588267220511547,0.0013114642413094568,-0.009439716245507657,-0.015145047235472053,-9.655212366510568e-06,0.035564996526077364,0.023479265141863825,-0.1528835690968443,-0.17499999999999993,-0.5365402405180388,-0.01572521988294706,,
2003-04-30,0.08461219036614431,-0.008521857458751447,0.12571401506181012,0.09160808849857704,0.02961282224582429,0.032930229488723484,0.11701818266423158,-0.16217084136159288,-0.15864527629233505,0.04790419161676662,-0.040964963973693425,,
2003-05-31,0.054836910835712294,0.10619499390965692,0.05092732841899772,0.08583661349354332,0.049166799516115356,0.020651982941749747,0.05317642157883773,0.133001149865849,0.1262711864406778,0.14095238095238094,0.03982227736256316,,
2003-06-30,0.010661398038151138,-0.012825881294685093,0.004227788098136065,0.0070910709743068345,0.00952806578476939,0.044140506817731406,0.014496766410220907,0.019959404600811803,0.0865312264860798,-0.11352253756260444,0.02059663254799826,,
2003-07-31,0.0180281179931423,-0.03533274681078358,0.04358295592268924,0.031037857977329386,-0.0014874364740673496,-0.015002397985692029,0.018461478477854065,0.013598673300165842,-0.006925207756232621,-0.128060263653484,0.01644939956635394,,
2003-08-31,0.02062608322213544,0.06379167141670594,-0.011712840573952055,0.047727690328903005,0.01689159233183779,-0.03703497070981154,0.05110732538330476,0.03926701570680646,0.05927475592747555,0.04967602591792675,0.025629513702529305,,
2003-09-30,-0.010887565783739506,-0.020682792406613637,0.008875213569490281,-0.008666423090975539,-0.003915139994593697,0.0026440117347772407,-0.04771183508458832,-0.08091939546599491,-0.07537853851217902,-0.04115226337448563,0.018753931321066286,,
2003-10-31,0.05352685306589411,0.009567134080570305,0.06925829712560438,0.07329873805873333,0.04527548715793883,0.00682898642082308,0.09100644445719297,0.0017129153819799292,-0.007475970096119666,-0.14592274678111594,0.07594252685061309,,
2003-11-30,0.01092116800110765,0.007819637354639974,-0.0036764969362524935,0.0142711938904454,0.011774952682444884,0.021428012417499476,0.008974269087849818,0.03727770177838585,0.03837876614060254,0.22110552763819102,0.06631364450426602,,
2003-12-31,0.05032403847662681,0.1309344559505885,0.04535253413128859,0.03137738174234528,0.017787968082640715,0.05786322865373994,0.040042387603363316,0.07187603033300372,0.04663212435233155,0.18518518518518512,0.0724504511085946,,
2004-01-31,0.019769813955131,0.022511140093468107,0.03270555368238526,0.042699579831932954,0.0,0.02752776436504112,-0.0057124722310377685,0.019993848046754747,-0.025412541254125398,0.00694444444444442,0.09965347064990815,,
2004-02-29,0.013570315517493992,0.052534378529196735,0.028571428571428692,-0.025411776557699106,0.05693675230357598,0.010653145426948063,0.021712836191980056,0.08805790108564548,0.11547578733491348,-0.0913793103448276,0.13638015521275837,,
2004-03-31,-0.013198093608701056,-0.006172761584973263,-0.011563277363184077,-0.02656536682430155,-0.002493036426032158,-0.04165659233358743,-0.006165785644406729,-0.009146341463414642,-0.01973284760170002,0.06831119544592035,0.09033089334206723,,
2004-04-30,-0.018920736376044522,0.017045598882255764,-0.04353696021181919,-0.03818789986461013,0.013113438960798529,0.031070938192897968,-0.011340982223361995,0.043636363636363695,0.09104986063796838,0.03197158081705154,-0.024433565024841397,,
2004-05-31,0.017123482896876263,-0.0030222799480467133,0.017068658352747734,0.0391934971915926,-0.005611475734364824,-0.0032421545976010213,0.006375608694924706,0.06941838649155718,0.050241271643485685,0.11015490533562833,-0.06782241050914328,,
2004-06-30,0.018492571212012088,0.06234498308906433,0.004399350539981528,0.0272904742300899,0.005474690086599621,-0.003734232192763809,0.0025856335217824267,-0.07468671679197991,-0.10216216216216223,-0.06511627906976747,-0.014445875247231843,,
2004-07-31,-0.03221922331114713,0.030811135873218154,-0.02134367202382559,-0.060861471637623454,-0.04936945992872166,-0.05366459274141955,-0.03793815458865102,0.18418201516793054,0.2483443708609272,0.0,0.0475075635574036,,
2004-08-31,0.0024355275645129293,-0.015408373369938277,0.032535537552603744,-0.0442407223874024,0.017767737697564012,0.01625373044645184,-0.0019738656737001703,-0.0340805123513267,-0.040270074752833396,-0.16417910447761197,0.009729815316731338,,
2004-09-30,0.010018259216042269,0.09755672510543367,-0.009200193828037384,0.029063571161102697,-0.026359493431771464,-0.017506430028479292,0.02882879770613278,0.1735732891309496,0.19999999999999996,0.26190476190476186,0.02073273688257915,,
2004-10-31,0.012884661155875499,0.006012490737800524,0.005272572573243206,0.043931590438336166,0.00646715493686445,-0.02222656857287586,0.04038614900314785,0.044794188861985385,0.008375209380234505,0.011006289308175932,0.036592511531788885,,
2004-11-30,0.044509453440386704,0.067446705528315,0.031109630123292265,0.05110536123661036,0.024770686414675946,0.01953643912622005,0.041900658404337765,-0.0505986867516417,-0.08160299003322258,0.055987558320373276,0.040175485863517046,,
2004-12-31,0.030152246283577933,-0.028211497515968853,0.04137204462312072,0.0262362409601673,0.03743357421660698,0.05521737818068395,0.04672072113932568,-0.11798209926769732,-0.08704499208681882,-0.11340206185567014,0.003027368766873595,,
2005-01-31,-0.022420022697297814,0.03386890633558526,-0.021617562174541693,-0.05636341039025594,0.01169519952856568,-0.031136474155439298,-0.04278569420399214,0.11277675276752763,0.10227835562159471,0.019933554817275656,0.009017908451522727,,
2005-02-28,0.02090358822340832,0.16778023056168734,-0.006698977390951377,0.0015014817253868884,-0.001284444776342375,0.030085177366735216,-0.005325439213473726,0.07253886010362698,0.12626376095259495,0.07817589576547235,0.024936081563081913,,
2005-03-31,-0.018281236746379936,-0.019121872532051776,-0.03802529058628179,-0.01954260313786349,-0.008770880378052515,-0.005593851063118382,-0.01167922915533448,0.06879227053140102,0.06163973668461997,0.12688821752265866,0.04059154322318381,,
2005-04-30,-0.018734362986578712,-0.05412419700214133,0.0017593244194229474,-0.03527691709253822,-0.01042507449175889,0.03482797382857905,-0.06363071697579159,-0.11046826975230517,-0.04904171364148813,-0.10991957104557648,0.0032272883213519954,,
2005-05-31,0.03222459722443771,0.027872608235006258,0.029537878336017398,0.06942146462188736,0.02326520966893586,0.012622089352694488,0.06184190639326914,0.05853658536585349,-0.025884212606204327,-0.049698795180722954,-0.04363357291906811,,
2005-06-30,0.0014971373892445072,0.06973015355610568,0.012449468290547605,-0.012884185345051757,-0.019316869668864367,-0.005299470511380577,-0.004317604915427098,0.0873655913978495,0.12292089249492899,0.11093502377179076,0.08878352200869855,,
2005-07-31,0.0382612753182372,0.07085913822638035,0.01560890629569811,0.05672703325650308,0.032087023898148104,0.022559786891819034,0.05673758865248213,0.07204661840014115,0.07966040462427748,0.10699001426533528,0.022310193764827124,,
2005-08-31,-0.009374817943056724,0.06387085858430486,-0.01637065927117698,-0.009509921228437412,-0.017465738300973088,-0.0034704381766228476,-0.03291070744117175,0.1304562675012353,0.11761753387987284,0.6353092783505154,0.05083389492772605,,
2005-09-30,0.007993298111613312,0.06282665741363247,0.008483853311439526,0.0024034529187482168,0.014113099563273002,-0.005576561256241286,-0.028412005160167286,-0.03526154742823839,-0.07634730538922152,0.16942474389282913,0.015493514863001323,,
2005-10-31,-0.02365161729720977,-0.09036619871585605,0.030488151210122938,-0.02297263369319602,-0.004727538651321916,-0.0306225013758068,-0.020316424309321568,-0.09681317021597946,-0.05235008103727723,-0.17924528301886788,0.05336946082814764,,
2005-11-30,0.0439527606299559,0.014947135443927673,0.04766483348235595,0.06317615315431047,0.009062098755353132,0.012175210427047167,0.039899740370013426,-0.04130434782608694,-0.08927655207798868,-0.03694581280788167,0.05472960467822974,,
2005-12-31,-0.001899455045646481,0.018056977832131116,0.00018705902296733967,-0.030695976893422072,0.0011915444475498749,0.034579781489155526,-0.008542109932558217,0.06506192220477947,0.09558685446009396,-0.18840579710144933,0.06985852863676811,,
2006-01-31,0.024014260149413325,0.14609806929689984,0.008842730317180969,0.033488348897228626,0.0017190714075816516,0.012926032626471295,0.017769894125006847,0.11136586963642303,0.08313335618786422,-0.08298319327731085,0.03644989922493336,,
2006-02-28,0.0057261920137337,-0.09226718526048605,0.021284484456648878,0.0023162390069124683,0.008573272511257501,0.01151372535142725,0.007220385139077967,-0.09563807839669913,-0.05396423484728596,-0.23367697594501713,0.048719405987166065,,
2006-03-31,0.016503454224563674,0.04248629698672812,0.002881648212016863,0.0226394656075104,0.008253164925139833,-0.012795116341103863,0.005878581415649009,0.07951767964803658,0.1050518568082972,0.0433482810164425,0.029889376328524175,,
2006-04-30,0.012632216792497042,0.05036964876694783,0.04332111586234966,-0.013099357390014776,0.009750609413088362,-0.030958339793138667,0.012771284193711763,0.08377358490566023,0.09218891916439609,-0.04871060171919783,0.24997111935636673,,
2006-05-31,-0.030120628247280234,-0.027829832106262886,-0.03769483071751911,-0.06499469309386674,0.00209270766373848,-0.02097218032052517,-0.016720125571555222,-0.005292479108635062,-0.06347886347886367,-0.10090361445783136,0.2583746530768538,,
2006-06-30,0.0026443522646035778,0.02540512284370089,-0.004597131299928892,-0.0048977717689374645,0.018381645438800165,0.0003455070081894718,-0.0017505706706151258,0.035284234108093004,0.08332100044398416,-0.021775544388609736,-0.10378434409758641,,
2006-07-31,0.004477752586004247,0.033480322185970524,0.022882401548509845,-0.026057755162203988,0.015712266065704528,0.0545619177417247,-0.03324191741666338,0.008385177170678881,0.021174863387978027,0.37671232876712324,0.0697745064025066,,
2006-08-31,0.0218221562645875,-0.05081328384160999,0.011791134792977331,0.07019714157871171,0.038662688541760026,0.028538297439165694,0.019825478256700224,-0.056062231759656744,-0.09484949832775924,-0.2786069651741293,-0.0047223161349289056,,
2006-09-30,0.026994082185719748,-0.03647501315439039,0.04286886142404023,0.04467535661583866,-0.0003582374716395442,0.015465381470803452,0.06591288404127793,-0.10628019323671489,-0.12666272539166412,-0.36896551724137927,-0.008791274665973181,,
2006-10-31,0.03151690875369173,0.04265604142227253,0.023398130037388887,0.040457664826433426,0.017725836850627674,0.003313783985354979,0.06465983019075972,-0.06645468998410176,-0.05009307835505161,0.8142076502732238,-0.01642918363655732,,
2006-11-30,0.019884809275400928,0.0857726652570594,0.00705571297544072,0.027525738205679273,-0.008516187929966335,-0.0011994965493357101,0.01263541645089794,0.07237738419618522,0.14662390878318177,0.2530120481927711,-0.062436715638206186,,
2006-12-31,0.013368688316474975,-0.028150644957657844,0.03761613530207897,-0.004536295872190954,0.027431946280475294,0.010444769580771451,0.02329180900171135,-0.03366682547244715,-0.08390304536979487,-0.3389423076923077,-0.04955287482223514,,
2007-01-31,0.015040138692163474,-0.009210066731621058,0.009253129735057541,0.019322870004756076,0.017949046216873654,0.03045799993304099,0.02706610606555304,-0.044042728019720645,-0.04138398914518315,0.4109090909090909,-0.14842638880617054,,
2007-02-28,-0.0196176987274872,-0.020483894908713163,-0.030473525153290826,-0.02864645500119356,-0.013130093570781765,-0.024050684319538718,-0.031166674235592495,0.062059480832044045,0.05077848549186115,-0.06829896907216482,0.0050636972729125596,,
2007-03-31,0.01160208935070739,0.06291357276354992,-0.004710693273731303,0.011707142697557904,0.018345057857980462,0.0028505085140735353,-0.003415140456021759,0.06733570734865646,0.1528876915305606,0.03734439834024883,0.13066210225335118,,
2007-04-30,0.04429644839591207,0.05125935606510623,0.03872994773571792,0.04717001965417489,0.028145042705628454,0.0731058578464936,0.02366537880060471,-0.0024264482863208814,-0.018110121220972664,0.028000000000000025,0.1992247067438757,,
2007-05-31,0.033920164219108706,0.07779328582972167,0.02404773676913985,0.050370104810308014,0.01350471356496441,0.01716864325183387,0.030056384438157613,-0.026755852842809458,0.01413059645991388,0.011673151750972721,-0.009723510071869446,,
2007-06-30,-0.014647857475482362,0.01299702206190756,-0.040182903450267204,-0.001264869748531794,-0.019936108375567252,-0.03350681046641146,-0.017473203930515102,0.10074976569821925,0.05925491346435896,-0.1794871794871794,-0.021322651075565524,,
2007-07-31,-0.03131031282013541,0.0001449162849676,-0.09065936775657146,-0.0019499643176631443,-0.028466044163419357,-0.04758158725913231,-0.059240906968297535,0.10969206754647365,0.06632511769592919,0.020312499999999956,0.06210792016292377,,
2007-08-31,0.012832722761382254,0.012026308844304667,0.025836962475662473,0.019175185054635113,0.02359269956989518,0.02289584537870648,0.006218545329196745,-0.0539641943734015,-0.061290741462147746,-0.15926493108728945,-0.06023448289584432,,
2007-09-30,0.03869975886563015,0.07397464807457288,0.02439320965789249,0.03774740857123082,0.04593147553709942,0.031176822079746813,-0.008790561280420883,0.10354149770208165,0.12007193249412085,0.12021857923497259,0.022818777807991797,,
2007-10-31,0.01356616234779029,0.0254006494186656,-0.017190927154026925,0.05302849960483358,0.015368574828289239,0.018672231662529404,-0.0048870179513234024,0.15335619794218514,0.10991725330369273,0.18373983739837385,0.04552484243320931,,
2007-11-30,-0.038732738442598946,-0.042113767533860536,-0.08093617736328595,-0.07535175606756606,0.027458215128994823,0.012772172576150709,-0.05456995596060077,-0.059048428207306713,-0.012907533103371671,0.0013736263736263687,-0.13255329067560762,,
2007-12-31,-0.011332166041693847,0.08273913106704356,-0.0584444152415996,0.019832771013642336,-0.008413135784623771,-0.0282886397619716,-0.04954961574067274,0.08295711060948086,0.056025250817269834,-0.024691358024691357,-0.0469563639847681,,
2008-01-31,-0.06046023114377441,-0.12287346441746361,0.007257633865721758,-0.12790195909208601,-0.05555365745327823,-0.04559763165705888,-0.0036718665450441446,-0.044606565919749874,-0.022416737830913802,0.13924050632911378,0.06759023330758107,,
2008-02-29,-0.025843456240098317,0.092674635824461,-0.11358652432705985,-0.04731431084721549,-0.0025744914324301593,-0.026705515020317594,-0.0386695322259033,0.1102868986582306,0.10176894518453827,0.1234567901234569,0.12180320269969291,,
2008-03-31,-0.009031302987511314,-0.023379219820720443,-0.029925102287710614,0.011530204750582751,0.0323518566653167,-0.045437536526195865,-0.01791724171327569,-0.0023580271173118117,0.014172447968285429,0.08351648351648344,0.06210351661094027,,
2008-04-30,0.04766263748022759,0.10383404918832562,0.06997078420245084,0.06250499195581982,-0.007541734247553777,0.009945559294561201,0.023766672419319068,0.11975576127634424,0.0858985634711229,0.09634888438133893,0.0331818260824428,,
2008-05-31,0.015116549527228518,0.05198823136886155,-0.06952684032006706,0.0651317131842053,0.03038437712026898,0.01905850131272513,0.02734095926148905,0.12005277044854878,0.15055795536357075,0.057354301572617894,-0.04108897521509136,,
2008-06-30,-0.08349887128685263,0.03157990122785548,-0.1743771991555243,-0.09364413615099221,-0.05694981247673858,-0.042231580388934487,-0.11525148264195462,0.09901845308205748,0.08251857645678529,0.15398075240594933,-0.007674011578333251,,
2008-07-31,-0.00898604537914871,-0.15913483038395193,0.06761790301821491,-0.02445047610572204,0.02429887248860041,0.04479972832400936,0.0017574692442881013,-0.11281794798513867,-0.1033236994219654,-0.2979529946929492,0.013871406174626122,,
2008-08-31,0.015453294066676504,0.0013438243436389996,-0.012941702460600002,0.020137289333850283,0.025548159169181073,0.02315864204394802,0.07009609450762588,-0.06942095514214386,-0.08549556809024983,-0.11015118790496758,-0.09197332034958339,,
2008-09-30,-0.09437310705073643,-0.14492877330753606,-0.061909037231160036,-0.1269113833497273,-0.01293559369057462,-0.06428353473751969,-0.06589169639399906,-0.12851579402855906,-0.1759626398801657,-0.12985436893203883,-0.08628551966255349,,
2008-10-31,-0.1651867233279225,-0.1930410284281865,-0.21953974426404776,-0.16835232364613995,-0.12304638321046069,-0.10837673882550536,-0.18613019588474466,-0.3237338629592851,-0.35842600513259193,-0.13807531380753146,-0.2982348989986342,,
2008-11-30,-0.06960646345732102,-0.018927054554451317,-0.18322525050542993,-0.07575431034482771,-0.0037259615384616085,-0.08213550303862294,-0.11414297944277685,-0.18928046989720992,-0.20466666666666666,0.040453074433656866,-0.23814702483791628,,
2008-12-31,0.009835461406755064,-0.044987110513337925,0.00370610831574969,0.015823048351904623,0.00022787898285558938,0.07185471853626857,0.06076138281995447,-0.19217533055605862,-0.24937133277451795,-0.12441679626749613,-0.16735342484120197,,
2009-01-31,-0.08211429092789146,-0.017795056113841357,-0.2619734253294882,-0.04736919772417991,-0.07205365997480506,-0.012048867681433428,-0.10616631877573146,-0.06434977578475343,0.23310999441652713,-0.15275310834813505,0.05000229944640666,,
2009-02-28,-0.10744839468539813,-0.12331222368263828,-0.17750063908264258,-0.0381583476764199,-0.08081136312760406,-0.12390657780114522,-0.09076599532945406,0.057991852384375875,0.00543355218474062,-0.1530398322851152,0.020873603078632064,,
2009-03-31,0.08348398736362261,0.03775385034755341,0.17149517149517157,0.11191238838287143,0.04253213084875718,0.060066014367832876,0.12712850493813144,0.1243488108720272,0.03873001576221591,-0.11386138613861385,0.1329349952867922,,
2009-04-30,0.09934559906807805,0.07818656422379822,0.21792685237824516,0.10435006517855694,0.04265067140897938,-0.0012377061918610321,0.18522994800518688,0.014302981466559173,0.09039670496423136,-0.09217877094972071,0.17663009248516603,,
2009-05-31,0.05845430802889706,0.1288780272404053,0.13980084020538364,0.023199895075851407,0.050908460170851155,0.0682360002000566,-0.00729733174711078,0.3169811320754716,0.29184890656063645,0.20615384615384613,0.034829414515683776,,
2009-06-30,-0.0006742790514160379,-0.06545182327670507,-0.01797829499692849,0.03631806075797939,0.0020700089402378996,0.023649000145660404,0.0024824250724930774,0.05293319258030449,0.04816866728224056,-0.05102040816326525,0.09233909341047375,,
2009-07-31,0.07460525113953431,0.053488439222930895,0.08870138174539188,0.08181355908909738,0.06654953984256506,0.059291369794790105,0.0948884073904086,-0.008020624462904413,0.028923799735721678,-0.10215053763440873,0.042465177175771585,,
2009-08-31,0.03693995423805263,0.010864204296361146,0.12990462084551635,0.016248284973829907,0.012232317512612001,0.026909293277234347,0.03522163405765322,0.01025122725960137,-0.015125570776255759,-0.27544910179640714,0.1814053327462848,,
2009-09-30,0.035457420422754904,0.05844683878837165,0.019481766919417387,0.04629039314957173,0.0330051046030424,0.0061761270731135465,0.05347860479132138,0.007003001286265409,-0.046363372935381064,0.3429752066115703,0.003055752301932557,,
2009-10-31,-0.019225195386566085,0.02466788309484924,-0.05956748728066774,-0.01246146861334807,0.014529141359130193,-0.020926582842709207,-0.023661181181896973,0.09338631847856949,0.1381039197812215,0.2646153846153847,0.017792615906064624,,
2009-11-30,0.06160643845995617,0.028416475057482682,0.04340959183432935,0.05531425806061341,0.03678227851172511,0.09298366253290014,0.06711894821650932,0.0019470404984422984,0.038179148311306976,0.07299270072992692,0.059697523081472026,,
2009-12-31,0.019072764195738445,0.008785146662130261,-0.01412014549397922,0.05799809691953195,-0.005119174379556224,0.018284216737824988,0.045823859980266946,0.02850110117890914,0.0018001800180018623,0.3197278911564627,0.04407606771807404,,
2010-01-31,-0.03634256668700342,-0.044031028294045926,-0.015273385581374033,-0.08595019829659978,-0.010202821506489101,0.006762226975618679,-0.028885279254446394,-0.08237813326615451,-0.08612501604415346,-0.09621993127147777,0.05595530052116282,,
2010-02-28,0.031194743309257644,0.03009494049681538,0.035255925438953506,0.03487682860326724,0.031678509470281835,0.003834547324493176,0.055687434002111846,0.09430336307481135,0.07247191011235943,-0.09505703422053235,-0.0678260574492271,,
2010-03-31,0.06090538866465889,0.02821268684101086,0.08903824755824807,0.06842237903225823,0.037696950152031894,0.026676054794058546,0.07808461433818525,0.046788760662318074,0.052514405447878554,-0.1743697478991596,0.08725803128424103,,
2010-04-30,0.015469977764689169,0.041553404988073916,0.013158573713813793,0.012512195906464019,-0.01073842636269795,-0.03890253217579853,0.06029318983113763,0.031396045536249195,0.07241508025382593,0.0025445292620864812,0.03520891865829601,,
2010-05-31,-0.07945487878764035,-0.11450712992627365,-0.09157583783233181,-0.07478080393070452,-0.04632585171015213,-0.0650933842663215,-0.07036150313620071,-0.14023469269199484,-0.15303399466295386,0.09390862944162426,-0.11470869859812705,,
2010-06-30,-0.05174302247631413,-0.05928825714580532,-0.05733348284368678,-0.05397486666514051,-0.025288086540667387,-0.01820849272620073,-0.09717086982386647,0.021486486486486545,0.026575342465753327,0.05104408352668233,-0.04992693504851031,,
2010-07-31,0.06829981869128066,0.08373610854020552,0.06517420628784176,0.07451184398364341,0.05804395843140098,0.01312291972162094,0.07929570533725894,0.04312739780394215,0.03416066186282363,0.061810154525386185,0.03830934399753905,,
2010-08-31,-0.04497984609747163,-0.04903306616395808,-0.07855180577580223,-0.056115383316257095,-0.01853182751540039,-0.016449635626786252,-0.03976043276661512,-0.0877615726062142,-0.025677419354838693,-0.20997920997920994,0.08178548584991696,,
2010-09-30,0.08955319954562668,0.09998270425608324,0.06069420205545861,0.11661278971288169,0.06041110936764471,0.09063133601801421,0.11020079674862182,0.1114972890310022,0.06965964772877742,0.013157894736842257,0.05846141108973257,,
2010-10-31,0.038202010302889056,0.05672609400324169,0.014956581352833398,0.05777222275635885,0.031923755658588515,0.022304179838426252,0.055375938759532506,0.018761726078799335,0.021047418596013445,-0.12727272727272732,0.07247097643938694,,
2010-11-30,0.0,0.058579800384580105,-0.006799581217845518,-0.016431521859882614,-0.01564068383512751,-0.0288735905740779,0.0252426384223865,0.03278084714548801,0.043045956105250305,0.23809523809523814,0.0203454094381168,,
2010-12-31,0.06684437382772979,0.0931762645157106,0.1070331538679512,0.05554985111407729,0.0439664195612528,0.04603270483669153,0.04093473221583532,0.08630527817403699,0.08381771681004424,0.014423076923076872,0.08210003274251965,,
2011-01-31,0.02329995952471342,0.07179771224537235,0.02821804480484924,0.03176070038910517,-0.014672213752293328,0.005712777234685884,-0.006146538629868914,-0.004267892317793787,0.06156816475383464,0.04739336492891,0.04155455458820634,,
2011-02-28,0.0347377447448276,0.07368323912792718,0.027433681191746828,0.021929948616414396,0.02908903994629064,0.031219240107618562,0.059980442567851844,0.06715023628970207,0.13438415681519644,-0.11085972850678727,0.03647647169890478,,
2011-03-31,0.00010667667583619256,0.018840193558922858,-0.02479186656199428,-0.015434860827928554,0.012415775578230592,0.018100033408103844,-0.005816262318318111,0.0936148300720907,0.041596152133250186,0.0992366412213741,-0.038212851766342926,,
2011-04-30,0.028961603455955665,0.009140451665696547,-0.0006161735621788011,0.02599374051237846,0.053474159022946166,0.06433139182849135,0.03841403086150419,0.06780299463226291,0.08252095091499911,0.0439814814814814,-0.0021685701498356247,,
2011-05-31,-0.01121480615489756,-0.041860853936341424,-0.03296572161616562,-0.010466518101779121,0.02506451304597168,0.024686645501091897,-0.0027163299364414417,-0.09427639121615661,-0.07433446559759849,0.026607538802660757,-0.058113416466742285,,
2011-06-30,-0.016886811959000214,-0.01922086986869087,-0.027487557072929825,-0.02481863659018335,-0.02669401645649294,-0.01125434753797716,-0.0021896640734871964,-0.07205452775073029,-0.04668032087386942,-0.07559395248380119,0.015134596814147638,,
2011-07-31,-0.020004798781938726,0.014602533537344975,-0.03616330587600858,0.00427799388587613,-0.012807801550922315,-0.039682798445147216,-0.013928040440083334,0.003987408184680019,0.037776385283323055,-0.004672897196261738,0.06436765270787514,0.08438250200053354,0.14920634920634934
2011-08-31,-0.05497548103419958,-0.10215819768792722,-0.0956434926660158,-0.05307749578263865,0.001945610247204188,-0.021102665182865854,-0.052458264981183,-0.07180183946488294,0.0047442422151298125,-0.06807511737089189,-0.06761080915039486,0.12124417331841042,0.04143646408839774
2011-09-30,-0.06944944953482879,-0.144225698716822,-0.11389856004270127,-0.03076325925336154,-0.032991777478620476,-0.04489943774543248,-0.06899624466933996,-0.11124873325076001,-0.09495192307692313,-0.07304785894206545,-0.07755646634182234,-0.10971864202270609,-0.2792380033759344
2011-10-31,0.1091470505674299,0.1914233222644437,0.1426811237062593,0.10211940114595541,0.04653142573850855,0.05767430600387358,0.11933410815614942,0.1806664132775877,0.028552456839309404,-0.005434782608695676,-0.10914831471926167,0.055444324657323296,0.1428571428571428
2011-11-30,-0.004063806094262934,0.016641445099992325,-0.05076318500946497,-0.014991009121316234,0.027705337703662902,0.009537106975821441,-0.007176668193617286,0.07693958579246707,0.02573088628608322,-0.03551912568306015,0.02526743123537334,0.018590398365679217,-0.039519906323184806
2011-12-31,0.010440565736357543,-0.020462478390511185,0.021343195042219376,-0.0022890221524375365,0.0277266907228495,0.02967872608961808,0.013066748692710073,-0.015245117576723755,-0.02814242042798054,-0.15580736543909346,-0.002921465991653105,-0.10389089450461286,-0.15604998476074372
2012-01-31,0.04637391063344931,0.022568250563845593,0.08115422639644088,0.06207811907470617,-0.014157568069587234,0.03199773934998973,0.058940694948807826,-0.0037438024891227606,0.020075862707003456,-0.15771812080536918,0.06654981065304022,0.1120539710960482,0.19609967497291425
2012-02-29,0.043405368233423225,0.05926918735891662,0.050167453450226995,0.07084835933873679,0.03746237448588041,0.01061495624219888,0.0452574836563826,0.08754824294129593,0.10856158171594421,-0.027888446215139417,0.0470820295129073,-0.025491222118077306,0.044384057971014634
2012-03-31,0.032157373029475966,-0.0381543488587881,0.07351212503809479,0.04533822364856421,0.031020079111611087,0.04478662312802606,0.047215150983146215,-0.03782218901755696,0.009653931113474457,-0.180327868852459,0.0034704781494627746,-0.015583879152652469,-0.06851691240242852
2012-04-30,-0.00667598213179621,-0.007108271905247654,-0.023116698773192668,-0.011275557398488179,0.002934352981611932,-0.0026606493331536862,0.011536164461069198,0.01805299427351259,-0.038489587553682814,0.050000000000000044,-0.02187020679703089,-0.0026434253037540545,-0.03941651148355063
2012-05-31,-0.06005573656540608,-0.10682026321539306,-0.09202906071613903,-0.06337607871602535,-0.011703070985208397,-0.03625434775267611,-0.05503418272218763,-0.1751358566116885,-0.1247261082083263,0.1142857142857141,-0.04690313999727447,-0.06321369329518955,-0.10662358642972536
2012-06-30,0.04052889910897295,0.04800891058704737,0.049552484482699555,0.03239417214893381,0.03636584298104539,0.05694934021037579,0.019330899843247984,-0.017105871474803358,-0.09329867128827263,0.170940170940171,-0.05934215451460623,0.02534163084621799,-0.007594936708860689
2012-07-31,0.011829853385577183,0.04941521193911247,0.0017099043760482324,0.018624785226950547,0.024734317296874586,0.010127732084191043,-0.005484431205338147,0.03574788334901213,0.1248805352022937,0.16788321167883202,0.02099701418475952,0.009441872106119353,0.017128279883381836
2012-08-31,0.025051985069813876,0.026994155367833228,0.03410709431910863,0.042038206129684674,-0.004771136461032999,0.01172292928828833,0.04616648915176724,0.09525431425976394,0.07552157084867361,-0.15000000000000002,-0.009734580087126243,0.047883517532495645,0.1354353278394842
2012-09-30,0.025356380588885674,0.03121990332198199,0.03265623685759933,0.015157825256755686,0.017457739720971643,0.03805705314103669,0.030806201550387602,-0.04446978335233742,-0.022557710875098835,0.13235294117647056,0.07686784400332347,0.04741088646231395,0.08740927737456605
2012-10-31,-0.018198088587953243,-0.020358917527615983,0.019843613186992348,-0.06340274015016645,-0.012144149808748783,-0.0022718324031423265,-0.015351371947398218,-0.06454762421349536,-0.013200431034482762,0.13636363636363624,-0.003178872225469642,-0.028599020720736057,-0.06529309344167156
2012-11-30,0.005660026634362936,-0.012229277282098994,-0.008765361845717634,0.008983545318556496,0.018368762495409863,0.005274383846103126,0.03164985565099632,0.02678882059608023,0.008645008645008723,-0.011428571428571455,-0.0435132574383289,-0.0032847882329001266,0.036945048121701296
2012-12-31,0.008998108763088153,0.010237962197582995,0.04658119227709023,-0.003874318103631813,-0.02068175262027616,-0.003539348772288342,0.0045356957777065166,0.03715834651005179,-0.00036088054853844476,-0.00867052023121384,0.033102318226308824,-0.023366775548296914,-0.09251497005988019
2013-01-31,0.05119033185572475,0.08303011464409127,0.060405720114710126,0.019060462286104363,0.05644560814957256,0.07596606915613746,0.05672762290329869,0.06337798105194392,0.042870036101082976,-0.029154518950437303,0.01095235606239875,-0.00677879044877383,0.0362916529198285
2013-02-28,0.012758634914461053,0.0043937398703404185,0.012079026417765482,0.007826935956298131,0.03309104005390595,0.012585616189560112,0.015956853263901838,-0.057552483358935036,-0.028991778450886962,0.04504504504504503,0.0008923060899941326,-0.05004840678536848,-0.09232728430436166
2013-03-31,0.03797575683013332,0.025431883984888826,0.0386739836086154,0.025804437114194556,0.04928553221477516,0.0634890114620581,0.04376876327158241,0.056611974356188144,-0.03333333333333344,0.15804597701149437,-0.05068276903705227,0.010847027396566622,-0.008411083830235144
2013-04-30,0.01921256512971481,-0.013113625466660617,0.02696076315448681,0.01750647809934125,0.029419119748499645,0.0287119815854735,0.0303758396324032,-0.04134101192924722,-0.06389452332657197,0.06699751861042169,-0.056350231137392015,-0.09034653922607472,-0.1547283004718749
2013-05-31,0.02360896773037724,0.028494192782190897,0.060971099043359844,0.02792884702417031,-0.021738300567403,0.016481426589055603,0.027650593181392846,-0.013838232139025908,-0.010834236186348822,-0.06511627906976747,0.003815507861691936,-0.04089605710833033,-0.05572480749916309
2013-06-30,-0.013359965241368288,-0.022674143966279425,-0.015957404663618835,-0.02905796668855587,-0.0031111316076071205,-0.005953548387096719,0.00820697137083748,0.04818883933427598,0.020511799263168262,-0.11194029850746268,-0.03427874098997108,-0.03566843083537996,-0.02870893974579425
2013-07-31,0.05167689260200392,0.05262179479235085,0.05373720782305513,0.03743640192446618,0.04335727045627613,0.0716238353241101,0.0526605444300241,0.09070153590701535,0.05268806712850038,-0.03081232492997199,-0.01337043207462607,-0.013785042798722835,-0.10221475958862225
2013-08-31,-0.029992291268715165,-0.01031376935303463,-0.05124129868343641,-0.010401155683964824,-0.045419818689077074,-0.03528012364880251,-0.028465974265136307,0.027402473834443386,0.07489109277968309,0.03179190751445082,0.04048403382408172,0.05484358538926282,0.19107661970685696
2013-09-30,0.03168079269478552,0.021163706444283115,0.02795473764748535,0.025362888434732334,0.013745127393427925,0.032080337703625394,0.05425484920284318,-0.05204667531024265,-0.07001810813141329,-0.025210084033613356,-0.0037545312228213223,-0.04936978269599945,-0.07547757519382481
2013-10-31,0.04630697443358245,0.041986066776951825,0.033156789620483185,0.05025224685877827,0.06394504595951056,0.043093086517077994,0.045851744628980784,-0.059300508010941666,-0.002967083912841839,0.025862068965517127,0.006111336227204278,-0.004284522650197742,0.009267464185496843
2013-11-30,0.029637856872353874,0.0005776555384122695,0.044491461158127965,0.03090676528654468,0.015705384087905117,0.04718629360515969,0.03453563376639468,-0.038841001142382425,0.032921045289686424,0.0840336134453783,-0.018376579373625912,-0.053248689656194115,-0.08652826047192241
2013-12-31,0.025895834762917902,0.02870594194747489,0.022456165825679664,0.035314029858797724,0.006868615709756831,0.007366338927325522,0.022810247888494173,0.06072393300918422,-0.010083730980462668,0.11369509043927639,0.020400543383902736,-0.039476520582234276,-0.0350574194775678
2014-01-31,-0.03524860237666205,-0.05796051964603821,-0.03659783565768182,-0.025740059269873328,-0.05165231700127626,0.009379954493289988,-0.060003166757309434,-0.006315575022919462,-0.01628012733060491,0.16937354988399078,0.010612191437164853,0.03441612512669545,-0.0074602474643978844
2014-02-28,0.04551631376790488,0.05121070028441843,0.03039639134985328,0.043942159202583264,0.03900987799379729,0.062188515234959496,0.0639908307273167,0.05463864684777042,0.007581360946745663,-0.04761904761904767,-0.019509574885346548,0.06560125828574481,0.10847964373265317
2014-03-31,0.008310399936338975,0.02107098982098976,0.03329804432109196,0.0043290043290042934,0.021940018343617362,-0.012520856062746444,-0.02865835401172212,-0.01273328149300157,-0.027803266654432002,-0.06666666666666654,-0.06982262731734434,-0.031226051025139534,-0.06921738474378869
2014-04-30,0.006951560056349004,0.05254827817106933,-0.01700899254428767,0.0027545398898183304,0.02740400235470486,-0.006326232247284902,-0.01359510193669089,-0.014768140198877622,0.025294950448324638,0.06919642857142838,0.0035378456690089433,0.004761126380362191,-0.030396368647159
2014-05-31,0.023206312879957558,0.01674820202625016,0.01502859235471421,0.03758647878726218,0.01808470001815965,0.028732310292136187,0.02882214966396912,0.03327670630558632,0.005339224891834693,-0.06263048016701456,0.03260065369883036,-0.03129396141423946,-0.02204376358468474
2014-06-30,0.02063355382884091,0.055081725862847764,0.02418649830014563,0.01869771717481239,-0.002509518332400318,0.02118743627934716,0.019405001728225235,0.02582205029013518,0.01666514055489432,-0.022271714922049157,-0.010155395526855182,0.06091663531766134,0.12180175559509099
2014-07-31,-0.013437585212277225,-0.03466560110615324,-0.01451062215477994,0.01694680735865628,-0.03317136638034701,0.001314496879820659,-0.012737217402621459,-0.07391345337984345,-0.05485004052958664,-0.1389521640091116,0.04284289367402061,-0.03271954120081477,-0.030094632115863496
2014-08-31,0.039463391194209496,0.021836686421635054,0.04239245500914257,0.03282005170282121,0.046130738838025875,0.04843266702366589,0.04446680080482901,-0.0037666700600631486,-0.03640175338288543,0.06878306878306883,-0.0156807163019147,0.0030194712488607056,-0.04587728085164888
2014-09-30,-0.013791429480994766,-0.07750696848988725,-0.004009469734438498,-0.0051663602362092,0.005861857687629701,0.004343376398637577,-0.027713748596709276,-0.06836296750459836,-0.06378560126582278,0.024752475247524774,-0.018512511894199113,-0.060617938566960294,-0.12570699247075545
2014-10-31,0.02355141920722259,-0.035311133183473675,0.02892083187118044,0.016040163740939306,0.03546621572478004,0.05257445169321384,0.02114206071040603,-0.11670505648787977,-0.11091158762015418,-0.07729468599033817,-0.019606136064497126,-0.029096174190959778,-0.050805554410976894
2014-11-30,0.027471853599446483,-0.086939086642847,0.02348762234477242,0.04810313075506456,0.055449705717939946,0.03478506991267216,0.05447891262967386,-0.1811747174965852,-0.14589521207080913,0.12565445026178002,-0.0036554180812722326,-0.005855196649948047,-0.04186614739662131
2014-12-31,-0.0025601885390107437,-0.0022909099541817968,0.018704692205644857,-0.021760991328042212,-0.009342114384748745,-0.014047356473230188,0.00888936829014475,-0.18941461935092496,-0.23118653498400332,-0.2697674418604651,-0.039684724073977606,0.014036162593711987,0.012815451032679226
2015-01-31,-0.029629158015494927,-0.04560614532893936,-0.06955056595854991,-0.03506706680151894,-0.009693329153324215,0.01301588199122139,-0.029936165529385828,-0.10589335827876523,-0.14022073457571915,-0.08280254777070073,-0.095543511653014,0.08452608879611923,0.10049143346476574
2015-02-28,0.05620451969026319,0.04593221113691981,0.05823278521063702,0.07994547349851655,0.041439485801019194,0.04287533360079543,0.08543875004051982,0.04289600334798083,0.30239898989898983,-0.03125,-0.017367306403766714,-0.05472784160751187,-0.037722262871212386
2015-03-31,-0.015744666410132058,-0.011652159403765294,-0.0062180322936515875,-0.034367177224320034,-0.019508541093324894,0.006392694063926951,-0.00486192201214275,-0.04253611556982351,-0.13249313297786403,-0.05017921146953408,0.036722883785470284,-0.0245778868505383,0.0029992154969524787
2015-04-30,0.009833542155606834,0.06574081517806896,0.0008262690483398227,0.027505602179357602,-0.007589975253691206,-0.010910897934491293,-0.0005311821954929741,0.24937133277451795,0.19016576643695293,-0.03396226415094339,0.017242875678036285,0.0008905161968653097,-0.029565541764185577
2015-05-31,0.012856399640974514,-0.051886774661964785,0.019480069324090188,0.018553559974342493,0.008682821791567541,0.0450576095522468,0.01314548915752356,0.010566923851056842,-0.011580594679186262,0.0859375,0.041821440023833034,0.004931137161346966,0.035965602970990496
2015-06-30,-0.020100249853304608,-0.034780291035810484,-0.004531236477380851,-0.041091361367822876,-0.01834159668396762,-0.0039119403417039456,0.00555687274020511,-0.012780082987551955,-0.04512349588347042,0.007194244604316502,-0.0733568403375987,-0.012004255566191002,-0.06176164314697108
2015-07-31,0.022147497998596943,-0.07690151874214357,0.03404271174231366,0.028502470980347194,0.05693175288165775,0.029573420240868176,0.048901398488041536,-0.20796906523201075,-0.11639860719615325,-0.014285714285714346,-0.06450551425289519,-0.06789114776224603,-0.05808998941150956
2015-08-31,-0.06134460828131383,-0.04251794835160916,-0.070606251689037,-0.05519105619675513,-0.05962981224098185,-0.07964504648574067,-0.06532129580456714,0.044364253873912185,-0.09983111277913304,-0.021739130434782483,-0.06037476519906537,0.03543065074929275,-0.01073361008214424
2015-09-30,-0.024990094148133357,-0.07159610730556343,-0.028017937683350813,-0.013398514279921336,0.004285216287222671,-0.05697834863635598,-0.00614478114478112,-0.0841463414634146,-0.01417552637064834,-0.08518518518518514,0.017543346400639592,-0.018538125933014404,-0.006037704850700321
2015-10-31,0.085286383261727,0.11141693328444635,0.0626637061068196,0.10477913893297108,0.05666947930453525,0.0771556878655737,0.0907270505390263,0.03417665335108744,0.015013744977796506,-0.19838056680161953,-0.00022216685035214567,0.023379251503424348,0.07070936639118464
2015-11-30,0.0036549464105828378,-0.00014461185274894373,0.01993143486311988,0.007104731492820315,-0.00922191894966784,-0.003224919251241798,-0.0023461549127816728,-0.13240343347639483,-0.08895833333333336,0.06565656565656552,-0.07978888941525153,-0.06656723097867023,-0.094528099210765
2015-12-31,-0.0171793225549135,-0.1050259887005649,-0.02347976495700277,-0.020717466702239062,0.029308778616694564,0.017288865035474554,-0.02835627557374132,-0.08162255750680181,-0.1628172879030414,0.08056872037914697,-0.0335572280516897,-0.0023903235267886958,-0.016160999069410598
2016-01-31,-0.04978620635046327,-0.03497750147717582,-0.08854565782696633,-0.03712474459055903,0.005347593582887722,-0.07718883910777696,-0.051827672131898095,-0.09345542687853503,-0.0947828462168806,0.0,-0.036010304573781515,0.05500516985537218,0.02888892097966722
2016-02-29,-0.0008259631845903836,-0.028002951535164633,-0.029005781860532376,-0.006545727593261663,0.0031518953049782805,-0.003623818271427881,0.004453469391449749,-0.027332144979203665,0.08388654194327105,-0.2894736842105262,0.028362595494530796,0.10444881079461776,0.04556587156220826
2016-03-31,0.06724225264704553,0.10164426928543757,0.072625975869411,0.08821290276644356,0.0473895498901602,0.027040055544263586,0.06697146015505995,0.12828344532681712,0.02310690423162587,0.2222222222222221,0.07723592669886337,-0.003414574635034251,0.03582790791328283
2016-04-30,0.0039411907004218705,0.09064340346504407,0.0360014027379858,-0.050270022699019035,-0.01432233560428009,0.029666226492418346,0.0012640836941650857,0.2447211694639957,0.24190476190476184,-0.045454545454545525,-0.016363102925319395,0.046680801719699794,0.15439842413560734
2016-05-31,0.017011829239535814,-0.009334026402344375,0.01887925198308782,0.04889798038145399,0.006881651193850757,0.022341285027852376,0.000503308055459506,0.0678555893866899,0.07931638913234007,0.12169312169312185,-0.03657093739554751,-0.05739334767556026,-0.10260109117851768
2016-06-30,0.003497064300623798,0.0271486663138516,-0.03253306588102556,-0.013742509826904947,0.053620274034198,0.009067314411207006,-0.011393209040373664,-0.01690427698574337,-0.024563540397888772,0.3867924528301885,-0.011198462042320556,0.0854543249415689,0.17193842766626832
2016-07-31,0.036471199848805425,-0.012603432255450686,0.034786834262019006,0.0710172843047856,-0.008160652472853136,0.048741158431023335,0.045606244954118136,-0.13942407292314074,-0.15171696149843916,0.010204081632653184,0.04802682846076056,0.017068635043247182,0.07864287010450144
2016-08-31,0.001197944340497692,0.016769319281595196,0.03847622864084044,0.01162774012407386,-0.005849337138868482,-0.03244758455017671,-0.012987507306662316,0.07558979297063084,0.17615309126594703,-0.006734006734006703,-0.02327574837641222,-0.019989468447050296,-0.07642218494713038
2016-09-30,7.782185280857945e-05,0.03692445356809193,-0.02879641130150612,0.02102127659574471,-0.015431928077308754,-0.005105348591966985,-0.0026581239429482872,0.0680393912264996,0.006257822277847325,-0.03728813559322042,-0.006201187561300836,0.0023428448308948635,0.022956668952511583
2016-10-31,-0.01733725150281762,-0.02818140670143865,0.022802617365500044,-0.007534290980152458,-0.007707467891655773,-0.06587227315116506,-0.024238206107607962,-0.018650461022632014,-0.04228855721393032,0.0035211267605634866,0.001918044845368394,-0.01618446067947843,-0.05993474424036749
2016-11-30,0.03683869864350853,0.08466711646026948,0.14032084782489918,0.0016890709643102575,-0.04204352759052665,0.020636130624976046,0.048016258275614954,0.05509288917360666,0.037878787878787845,0.16491228070175423,0.15210950380912114,-0.09588981657392515,-0.08094842810743352
2016-12-31,0.020282906286629432,0.01728026454134657,0.037595345693009596,0.022633581919219825,0.029917735860690353,0.007165603731664083,0.00041862361955491423,0.08783647035013153,0.14619395203336794,0.11746987951807242,0.03841878924260245,-0.01802429761755675,-0.03447962319736686
2017-01-31,0.01789494258896518,-0.032127246619222616,0.002580387006751117,0.035569827821809286,0.017017603815615123,0.022918849414229836,0.04213910846183744,-0.018604651162790753,0.00527656477438132,-0.19137466307277629,0.016643758778167372,0.05170584836502168,0.10168948825645563
2017-02-28,0.03929122984777056,-0.020852014281754983,0.05276946299281082,0.0453267883298365,0.04772860503162857,0.06338509425209371,0.018154264620167115,0.023696682464454888,-0.034208144796380124,-0.15333333333333332,0.03238353865313237,0.028980137343712187,0.042968839043515894
2017-03-31,0.0012579654767099768,-0.014856472076992255,-0.029531271263876224,0.022255043045772416,-0.0042138777039048,-0.004787816242924681,0.021328997819521467,-0.06407407407407406,-0.021739130434782594,0.23228346456692917,-0.01957310430005499,0.0016693671252832054,-0.0030871617782051164
2017-04-30,0.009926422954153802,-0.02946806218124498,-0.008428823270163033,0.020070551528547975,0.01099069023885657,0.015331244756299434,0.023990075134025624,-0.02433715868618913,-0.05249042145593874,0.022364217252396346,-0.02416077765208935,0.015223974735113055,-0.0569193920559492
2017-05-31,0.014113007078371487,-0.03537827235958191,-0.011899650990711552,0.03953692009087284,0.026460636924901415,0.007681404316689289,0.01099390335874828,-0.020685459338876555,-0.0012131014961586084,-0.04687500000000011,-0.014838976486367672,0.0007162398794633429,0.006997314983785197
2017-06-30,0.006374169805353436,-0.0012276417993979383,0.06513727234157818,-0.028103735390133444,-0.022459641062585245,0.04566185503685505,-0.012597307280449499,-0.04700766204183049,-0.04696356275303648,-0.022950819672131084,0.02146631355555728,-0.02125110856928092,-0.04168061407052581
2017-07-31,0.020554128681501638,0.026187237619243353,0.017026912888240542,0.04458876014969415,0.0069177288528390335,0.008203426171367267,0.01930153778665966,0.09104737070838764,0.10429056924384028,-0.03691275167785235,0.04639312402087259,0.02124895816529837,0.011635189824628966
2017-08-31,0.002917890813776136,-0.05478981531226057,-0.01554330797833181,0.029219128167285335,-0.01102684787737207,0.017524591381763877,-0.018608487746563096,-0.05875323640709029,0.013464127716868557,0.017421602787456303,0.08362507077971215,0.041960260526262116,0.04554113584950592
2017-09-30,0.02014065053547598,0.101796462980563,0.051325312754637586,0.008165448783912899,-0.00716090985678175,0.00912172608481554,0.008249140613008965,0.09331358442657645,0.08217878155247682,0.006849315068493178,0.014114553339115377,-0.03162512136028872,-0.05288959744918287
2017-10-31,0.023564021146649017,-0.00832156418344654,0.028617932141261404,0.0651445753387303,-0.016487856789579425,-0.007585214860041711,0.0212031808395734,0.052061157344687414,0.07593826727464048,-0.03401360544217691,0.0350356940169998,-0.0069243376446966876,0.00381144756854912
2017-11-30,0.030566037735848983,0.017520445494316084,0.03458546639186233,0.014138933093475359,0.055755357104553704,0.029096153818664705,0.050656842424070314,0.05592347314201618,0.03553382233088831,0.07746478873239449,0.0027826537399224804,0.0034214593514982905,-0.015379547836502638
2017-12-31,0.012086512069868105,0.05270811071301362,0.01885030289009415,0.005420488696797232,0.022439088259661233,-0.005553302256324222,0.024567772505444285,0.05331010452961671,0.05036990398237062,0.2058823529411764,0.0010765620766755024,0.02153524916727778,0.030187279130450717
2018-01-31,0.05635946973984618,0.03584209415913975,0.06556694615209957,0.07036805819445191,0.01634736607369569,0.06555352867722442,0.0924087693924116,0.07211379424412812,0.015735051700884073,-0.09485094850948517,0.03394222623886778,0.03291197534580892,0.024130601641376925
2018-02-28,-0.03636063676604562,-0.10835187555002168,-0.029252873790009182,-0.004092228885874016,-0.07627068936676795,-0.044948916323443444,-0.03468903613172991,-0.052298673248997174,-0.02508114488049573,-0.20359281437125742,-0.00839634024051139,-0.020624437438475418,-0.05396726566238319
2018-03-31,-0.02741554514071165,0.017166475592831576,-0.04157350872771315,-0.037337874182408526,-0.00908017647667514,-0.029169228742094266,-0.023845902110904205,0.05599869770470467,0.044491525423728806,0.05639097744360888,-0.029593329075397468,0.004213725871622609,-0.00369905421216854
2018-04-30,0.005168258548400528,0.09493866655367467,-0.004351680232089761,0.0006116632611901096,-0.041421522673495526,0.010565172396242772,0.02379208510656472,0.05688299676275621,0.0999710228919155,-0.02135231316725983,0.007697091528085398,-0.005887447471024765,-0.0019206185125605346
2018-05-31,0.024309151804396967,0.0299445457043237,-0.009836205243988094,0.06782668459782126,-0.015657418457135308,0.0018228951716361408,0.019864469422191,-0.023045507584597447,0.006981032665964282,0.06909090909090909,-0.003829621561662444,-0.012165161550091397,0.005668760533170003
2018-06-30,0.0057550737172393784,0.005846349225433922,-0.017467173759658672,-0.002614755265095914,0.045583966758389716,0.016486524228459754,0.036179911774269824,0.10674828306957296,0.012949640287769792,0.006802721088435382,0.02059745940155544,-0.03584064925417474,-0.0193357708714198
2018-07-31,0.037046851238464296,0.015539493098746693,0.05114372788734389,0.020873601161574884,0.03958893136106356,0.06554005599624135,0.018023779072521284,-0.05733171455551056,-0.0423553719008265,-0.04729729729729737,-0.10265888170459314,-0.023059376367497886,-0.035643490526760635
2018-08-31,0.03191957793037403,-0.03475254262225724,0.013596827406938461,0.06599017167655896,0.003919898924920284,0.04329220887220808,0.05104537452791402,-0.0005724098454492621,0.03748651564185557,0.05673758865248235,-0.03194888613366398,-0.018772704353377412,-0.06374080971190343
2018-09-30,0.005948566449602399,0.024419149673992058,-0.022156008548413708,-0.0001739065979023957,0.009869816156810707,0.02953814365211671,0.005319806317731102,0.047537227949598915,0.0751234728359762,0.010067114093959662,-4.6768777395622685e-05,-0.007477090164425881,0.006930536342301119
2018-10-31,-0.06910450008263047,-0.11328187482563012,-0.04713170735807737,-0.08004801797537509,0.020026019674525664,-0.06778714981400624,-0.10100567146597572,-0.10729907053034438,-0.09526112185686653,0.09966777408637872,0.027901359539397097,0.019902299055501782,-0.025152762019329256
2018-11-30,0.018549461697249248,-0.01563522561374653,0.026253225415168835,-0.01962625802392226,0.022723000912947766,0.08083361232005348,0.024767327945138362,-0.22247741540346044,-0.22888829502939612,0.392749244712991,-0.003805156194454762,0.005437782946224878,-0.006127914966415737
2018-12-31,-0.08793641761716275,-0.12431119350508224,-0.11118035647513402,-0.08363658207317803,-0.08905852417302806,-0.09348973131903016,-0.07948097471594018,-0.1108704214257582,-0.12372205856870555,-0.2950108459869849,-0.019465178741399303,0.048897003717126575,0.09167419154579837
2019-01-31,0.08006564540649985,0.11211528353676337,0.08899946324692087,0.06937548948913719,0.051398569486542645,0.048086400445774835,0.09867629622577812,0.1924695459579182,0.23511963614791376,-0.13230769230769235,-0.022420809795599572,0.030333120644493894,0.03748699490135521
2019-02-28,0.03241579062954503,0.02304901690494643,0.022361947389922143,0.06910124503550552,0.017793098406867713,0.010808614792003235,0.013145068383895175,0.06259286775631501,0.04114633365353826,0.024822695035461084,0.060848455161312875,-0.005450663759524743,-0.027424819991529015
2019-03-31,0.018079034821557594,0.021276413722302934,-0.025642807505212084,0.0476508062009422,0.03819159991291521,0.004800702614460084,0.036534686181895815,0.0520887956650935,0.04459480239889291,-0.05536332179930803,0.022058102646818956,-0.016503952658981635,-0.0306894232924525
2019-04-30,0.04085224148024613,-0.00015078281410985106,0.08985182939875913,0.06365094956489692,0.02851528129384584,-0.027139439161878665,0.054633147434863805,0.06047516198704095,0.06271161489768873,-0.05128205128205132,-0.00017110118927121665,-0.006634033648340143,-0.012639326607335133
2019-05-31,-0.06377093519468557,-0.11102639934986058,-0.07173620512652723,-0.08664720410771931,-0.03638893618273509,-0.02218220626660028,-0.07603840682788054,-0.1619927933573554,-0.07494112757999716,0.0,-0.06530506786469381,0.017124305115708838,-0.02453827623126348
2019-06-30,0.06959250540382311,0.09389107221955206,0.06656855574257348,0.08940256952330694,0.05221219055180981,0.06592398308197245,0.07817587696002581,0.08805384183959619,0.011081162024558111,-0.06563706563706562,-0.022546019671165318,0.07994026402412735,0.05045515973465586
2019-07-31,0.015119422788594461,-0.01585257108887339,0.02355181730300493,0.03498243121500866,0.023421708926494755,-0.01619191171457235,0.012751245406142475,0.005670103092783485,-0.051095971563981046,-0.05785123966942152,0.010025237048905788,0.002083324614391646,0.061830625359176716
2019-08-31,-0.016743434265151125,-0.08325345029086184,-0.04708128332317574,-0.015352411206892125,0.021704738580957672,-0.005925471234609403,-0.009443023741502854,-0.05911498376900737,-0.04729202434836888,0.021929824561403688,-0.03900817473492757,0.07652684793101217,0.12922212108538966
2019-09-30,0.01947879455277346,0.03933842312081337,0.045464171657531915,0.015762710053735418,0.017528242258904925,-0.0010843461989994418,0.01275520643364847,-0.01779553295805336,-0.0008191349934468795,0.017167381974249052,0.00872405973930368,-0.03155674801747432,-0.07281312803978057
2019-10-31,0.022104772510671777,-0.020943779343801427,0.025000810267712392,0.03899245392159423,-0.004232045469158785,0.05126012926575774,0.001243820426061193,-0.0012941393973008308,-0.027709460567306166,0.1518987341772151,-0.0003389677475365005,0.027113144186525995,0.06333486060691507
2019-11-30,0.03619836111300012,0.01604737259465372,0.050521140065532766,0.05366180787529107,0.013734333877958305,0.05002560734456574,0.013238653710507808,0.07589781562384301,0.08768971332209108,-0.09890109890109888,0.01783034395059424,-0.03219830593682316,-0.059838691857253434
2019-12-31,0.029033481894521707,0.06026166187153348,0.02609628082848925,0.04318806816134879,0.02406412983473394,0.034763267679419396,0.027627552743273665,0.051961459050240855,0.05069767441860451,-0.15040650406504075,0.037049806070097,0.03701196697861975,0.04904576115824866
2020-01-31,-0.0004041531252632069,-0.10992734811923977,-0.026638946029091892,0.03992660246300761,0.003176003362605373,-0.026702818891537805,-0.0007970732414255277,-0.15636244684331047,-0.14755791648221916,-0.0861244019138756,-0.0075453230898974155,0.04629692446335287,0.009605959615761606
2020-02-29,-0.07916551797553772,-0.15287986298018097,-0.11248568500994516,-0.07301041203128711,-0.08214555470796236,-0.06586608850454356,-0.07572670790693281,-0.13086467623109732,-0.11182274536956904,-0.06282722513089001,-0.05694697270568849,-0.0020136326715252117,-0.07669348127600539
2020-03-31,-0.12464281056213611,-0.3426684921061297,-0.20993565255776825,-0.08572977542983107,-0.055149783216582815,-0.03862022782586161,-0.14914441488488195,-0.542493865714923,-0.7105827324108361,-0.04469273743016766,-0.08880808755659086,-0.005517296975494079,-0.1610265222981987
2020-04-30,0.12698352900540777,0.307645663063538,0.09461898826664372,0.13736400088815737,0.069578499236294,0.1258752170488351,0.18882584043164585,-0.062408581179912326,0.21952861952861946,-0.04678362573099415,-0.0240533776680798,0.06929336200389113,0.07315204079440218
2020-05-31,0.04764560748393687,0.02000040323393626,0.027205175020122763,0.07176619200734957,0.016650461837627528,0.03288858041254028,0.06509500161447734,0.8497139885595424,0.8856985091109884,0.042944785276073594,0.03595399500036778,0.026021830287046743,0.19174324784271324
2020-06-30,0.01776070939585983,-0.011016452201643268,-0.005212837627991518,0.06942935452279775,-0.0022275353656106,-0.024411031927238036,0.030714122399207344,0.10402024177677816,0.2193265007320644,0.03529411764705892,0.09824165354488956,0.031045310284286698,0.019280738301637568
2020-07-31,0.058892302251304374,-0.04808095882106045,0.03846301633045135,0.056848466874797055,0.0692357153412062,0.05456149886779493,0.07274310690459762,0.021135727018079864,0.035782901056676364,0.03977272727272729,0.10736904096908284,0.10702695428369569,0.33751613877977094
2020-08-31,0.06979673183458979,-0.010547017160773664,0.04286150373714204,0.11880754470854127,0.04593298397247936,0.025869282600575527,0.09554874779811606,0.06259351620947617,0.048458149779735615,0.256830601092896,0.02133116265962487,-0.0028234871502286207,0.1568877131872104
2020-09-30,-0.0373983158366088,-0.1456035988880794,-0.034074731123184376,-0.05337100073380252,-0.0167092522261445,-0.021728429214790457,-0.018606628086948573,-0.06007979347571002,-0.10880141530296328,-0.27826086956521734,0.0301928760324226,-0.0416586896898008,-0.17231804915460058
2020-10-31,-0.024933671407522895,-0.04107060070203328,-0.008723920070525915,-0.05004260773670577,-0.028705753317195937,-0.03621509901607711,-0.02728227250644999,-0.11011235955056176,-0.09851116625310175,0.8253012048192772,0.0013290876821427933,-0.004149366376886898,0.014212174509887987
2020-11-30,0.10877690052541267,0.27994232977354927,0.16848238934281956,0.11383616863696244,0.07468736153513933,0.079480707204729,0.09995005646109734,0.26823793490460157,0.2892925956509773,-0.0462046204620461,0.05289032992496634,-0.05346704738990993,-0.042170178028364425
2020-12-31,0.037065843572213986,0.04507712957904175,0.06298510302617077,0.05541117630736525,0.01660833078186319,0.03802396496091265,0.024301810618710284,0.06969026548672552,0.09350982066609714,-0.17301038062283736,0.09949642710681528,0.06626020136878963,0.16354387003042592
2021-01-31,-0.010190248904493604,0.03746611591583848,-0.01797840801029249,-0.008382682522531715,-0.04981356277347404,0.014016685246476035,0.007650159567899273,0.0788004136504652,0.07868020304568524,0.12133891213389125,0.025720956747323553,-0.026379092525508074,0.02494610760262317
2021-02-28,0.02780548762720869,0.2245668605555382,0.11606173148928733,0.013649510069403625,-0.012327358451489245,-0.02103820104393528,-0.005308649938721599,0.18002300613496924,0.19203619909502256,-0.007462686567164201,0.06256689304857943,-0.06088821687954937,-0.012834137472645057
2021-03-31,0.04540511208963993,0.029815639875433675,0.05859195568515485,0.018326953748006414,0.08491969716861414,0.04023713053816946,0.044588118567898904,-0.038342810722989396,-0.035529911934406244,-0.052631578947368474,0.06106852368214133,-0.015453753286725713,-0.08405258913332958
2021-04-30,0.052910318087713515,0.0067238249338963385,0.06490484287261711,0.05187856994068829,0.01859172162501932,0.03931840026550981,0.0645556198427144,0.07281635411387066,0.06627833753148615,0.13492063492063489,0.03744552970602344,0.03640195880629782,0.06065433458783631
2021-05-31,0.0065659758485092645,0.05709665564130839,0.04771362168361937,-0.009305926758634064,0.017678176016156844,0.018709612603917458,-0.0339814883929237,0.04425196850393709,0.02406614498745019,0.0174825174825175,0.09023956769127128,0.0782843317552191,0.08381145800353673
2021-06-30,0.022472757389310427,0.04191408585851564,-0.03047378701190928,0.06883890796780712,-0.005522299974707101,0.02294031977148614,0.03455869569416792,0.10873171467350318,0.10928489042675893,0.302405498281787,-0.052603778076258934,-0.07305049200773772,-0.07031581197342407
2021-07-31,0.02441259154721842,-0.08316093411457981,-0.004635407380994994,0.03887407757379413,0.022009697309599785,0.049226203131684576,0.010529865934722604,0.0055767138193689725,0.010137769690668152,0.0395778364116095,-0.01875922753465198,0.025873913230100465,-0.02354703851444817
2021-08-31,0.029759849278913286,-0.02004590517136795,0.051480685414054594,0.03559353233696161,0.010487089744857903,0.023155611451711078,0.017845780032543557,-0.07439469768700124,-0.0549408131755017,0.09898477157360408,-0.008537025965099976,0.00014112214375106014,-0.061933428039965155
2021-09-30,-0.04657525156532172,0.08972695671119979,-0.018323514798779028,-0.05837061550546252,-0.041331459964637496,-0.055152058449972396,-0.021374629554830604,0.09922548589799773,0.059360108917630994,0.2886836027713626,-0.00484828474148713,-0.03283096162162613,-0.07411311914323959
2021-10-31,0.07016339833539309,0.10328265156816596,0.07274178574837098,0.08177100177527685,0.03500812668070785,0.05121740303758848,0.12092522836807396,0.11007710715235319,0.06798612003598503,-0.016129032258064502,0.054104580952360815,0.016087671065500686,0.0786087365129855
2021-11-30,-0.00803470494548264,-0.05011635330216846,-0.05713045564712904,0.04451199248617144,-0.013472963383705738,-0.030563758454277834,0.016356462064364585,-0.20790419161676643,-0.14729241877256316,-0.1766848816029145,-0.01020574472905722,0.000928684563577642,-0.03904541684469798
2021-12-31,0.046294884880363485,0.030000823841094038,0.03375441766838616,0.03249415886415408,0.10454156922828806,0.09022019182886964,0.001523433087501136,0.13894768672512847,0.09003669206886822,-0.15486725663716805,-0.01826767854489686,0.024925364553489038,0.016233582242448863
2022-01-31,-0.052741177913385506,0.18774889916058357,0.00025446911381132864,-0.06844210511287252,-0.014785266130409869,-0.06856379907180243,-0.095334432086296,0.1835921943448826,0.19562402900051779,0.45549738219895275,0.024201983419849693,-0.0171832460057455,-0.035367292225201075
2022-02-28,-0.02951705654898118,0.07069060234985547,-0.013823559504353988,-0.048773915042529814,-0.014083839079948923,-0.009678212950206655,-0.040659401138687934,0.0781740690892776,0.11618841364374677,-0.19784172661870503,0.016441622464978378,0.06095423712191206,0.08671291355389532
2022-03-31,0.03755555847680325,0.09298553411235067,-0.001298264307545538,0.03345099497711446,0.017807053673700723,0.057387230279272394,0.044279336816828385,0.04577135129512122,0.0408420644159877,0.22421524663677128,0.02893632064204832,0.015181662711639454,0.01395367869711106
2022-04-30,-0.08776905126245094,-0.01687867223938455,-0.09942526960667342,-0.11017467731143749,0.02305904106999379,-0.048909072541331255,-0.11956817868406389,0.0403859544414602,0.00997297045390999,0.25274725274725274,-0.0055270146042664114,-0.020261388589891016,-0.08228742079987095
2022-05-31,0.0022571871322842885,0.1603477435791587,0.027815622515627192,-0.006859365486791669,-0.04083002623065357,0.014890237606495438,-0.05120241437930961,0.09360359498996074,0.15845330380214095,0.23684210526315796,-0.07659658689074078,-0.031205293606054507,-0.05223394898856637
2022-06-30,-0.08246918433864081,-0.1711875791502614,-0.10870336723520291,-0.09261472644276358,-0.023662814673894972,-0.026185915456391484,-0.10839151453657692,-0.057877251267704044,-0.045805783478053086,-0.22695035460992918,-0.03485625848048368,-0.017393464343917864,-0.060392906524623924
2022-07-31,0.0920875362018887,0.09663076834370132,0.07185883473999444,0.13451867117730165,0.032002663805542175,0.032438692154845405,0.18439167576111082,-0.05985523385300673,-0.06904324595090994,0.2737003058103975,-0.16793312391113102,-0.021890576026723618,0.005278855935132887
2022-08-31,-0.040801979569174196,0.026523029467436343,-0.019577399946024032,-0.06212637489753414,-0.01852548935254894,-0.05770352742951079,-0.04495558710303871,-0.11074918566775238,-0.1341583714465071,0.07202881152460971,0.05911384508780504,-0.03246949970669821,-0.1202259609480536
2022-09-30,-0.09241652825128854,-0.09559108085958845,-0.07662513884885802,-0.11969131958138113,-0.08137382924386727,-0.02536731742031284,-0.08209073403517742,-0.11299811299811302,-0.0792335577421025,-0.28331466965285546,-0.03063528385762837,-0.02807036022751208,0.06242322724734772
2022-10-31,0.08127563996016751,0.24965469070040358,0.11923416851379032,0.07652830005915656,0.09006489536719653,0.09611097784818745,0.011092231813291997,0.08296833938180459,0.04949381327334068,-0.21562500000000007,-0.012255145919356614,-0.01717089617387635,0.006774227454277915
2022-11-30,0.05559146893900446,0.012777614123606673,0.06856874265569934,0.06326632592561654,0.061176474164410743,0.04723183044285095,0.014857767205372019,-0.0700254217702797,-0.08242229367631293,0.3944223107569722,0.05212053054607457,0.07433709255527021,0.11223632216068347
2022-12-31,-0.05757561464566674,-0.030493170981519047,-0.05219834196951967,-0.0820634565632633,-0.02727155542824411,-0.018761395768237432,-0.11391049415421572,-0.003976143141153132,-0.03258965074173581,-0.4971428571428571,0.03990503488668762,0.040079027011425294,0.12319894870230441
2023-01-31,0.06288717508470643,0.028123942275146696,0.06900531238494212,0.09257390454020897,-0.010864907922886968,-0.018329100020594513,0.1512838992780059,-0.01509481037924143,0.007244626901714568,-0.24715909090909094,0.07600621825727538,0.05458409241882678,-0.01387263914424186
2023-02-28,-0.0251425677819328,-0.06938666586857412,-0.022974733003386483,0.004119504815631947,-0.023189139301557082,-0.04641528925619842,-0.021249809564699573,-0.026219126029132456,-0.002517381922800377,-0.05660377358490565,-0.007855743174260632,-0.05094261380445797,-0.11521186440677966
2023-03-31,0.03712477396499003,-0.000144719739504362,-0.09553813704928127,0.10856895045962944,0.0421196521802738,0.021929331136650188,0.03060619482175264,-0.015608740894901052,-0.04831150102151183,-0.15999999999999992,-0.008982858892326417,0.0783515327035158,0.15403955749245735
2023-04-30,0.015974959643318964,0.027768768712424174,0.031727264092545227,-0.001192543691633352,0.03654212017120928,0.03143831963637145,-0.011234134633867576,0.014534883720930258,0.02689733552216178,0.08095238095238089,-0.005324271079959586,0.0076353121159549175,0.031248054777466505
2023-05-31,0.0046163580744809085,-0.10031791070855733,-0.042510031491263756,0.08917351966997167,-0.06159728002482956,-0.042686971433179455,0.025361946526618606,-0.11292003125814021,-0.1148548942449581,-0.07488986784140961,-0.06425147921353425,-0.013409145363899033,-0.06421198768636449
2023-06-30,0.06481401368445172,0.06934415537357763,0.06620648040395594,0.06054437428064818,0.02793880643687019,0.04261412906134954,0.12228364648875001,0.03743943620613699,0.035148652403445446,0.18095238095238098,0.018604718646538787,-0.026376959045909087,-0.03393707965667303
2023-07-31,0.03273335337793726,0.07773985692483265,0.048058684146697894,0.02582558694782433,0.021301583030104432,0.010698901990231935,0.023143701157969376,0.15765638267761117,0.143739095423433,0.040322580645161255,0.009546969691971219,0.02686326414503104,0.08314044583719116
2023-08-31,-0.01625209199542066,0.016459787461485353,-0.0268899036022322,-0.015082147207338137,-0.039472044930883854,-0.0070072015630425755,-0.017440153042148965,0.021393643031784926,0.02429007275287498,-0.007751937984496138,-0.015200610993999053,-0.00504186073705315,0.012690376190749975
2023-09-30,-0.047393310310476666,0.023965713069665107,-0.030892315948020888,-0.06479182681923645,-0.04787306206606612,-0.02958962362434414,-0.055300545923340216,0.08641532016756437,0.09817848550807651,0.046875,-0.00851892222076489,-0.041920408281616806,-0.08266307391385508
2023-10-31,-0.021708617562153365,-0.057527235116142106,-0.024420631374942547,0.00048797931861721544,-0.013805856802402539,-0.03262355627018543,-0.055161661673108764,-0.10058389335683593,-0.09430419361568965,0.24626865671641784,-0.040518242880405064,0.07031662363200475,0.028113000548546374
2023-11-30,0.09134393504624749,-0.0071615568245047,0.10939616362018012,0.12895607225521388,0.04126066764577452,0.054359696963837356,0.10966499507128136,-0.0732484076433122,-0.05874222529371109,-0.17664670658682635,0.031258112987984976,0.0236506844518658,0.07462770054258261
2023-12-31,0.045662484374192625,0.0006973032442678662,0.05250780509642272,0.041819928720777444,0.02704433587674515,0.043251419759091414,0.06131263724810587,-0.04982817869415801,-0.04931473323543811,-0.06181818181818177,0.026657361517723244,0.012516516424820656,-0.043251078073761495
2024-01-31,0.015926534131213366,-0.005130640349337745,0.03085047325233603,0.027015819285346465,0.01235546687095801,0.029329823507425967,-0.044126110489414616,0.06106551676171934,0.06809113141974521,-0.15116279069767447,-0.006727113385797123,-0.01695096856670919,-0.03454712093375567
2024-02-29,0.05218678340718497,0.03272994230689408,0.04076208541979809,0.0470457933622177,0.020982005367591983,0.03162842503898422,0.07892633709116148,0.03854221289984272,0.019161243673174067,-0.2374429223744292,-0.005554689693135995,0.0010437170959336495,-0.024343936123176202
2024-03-31,0.0327238996994228,0.1048341517941247,0.04802382785047343,0.00788639354251841,0.033161107017324554,0.023777544565801056,-0.0006632224862317404,0.0598333754102498,0.01891923850065047,-0.07784431137724546,0.04670328859876993,0.09672197576356845,0.10962866206381783
2024-04-30,-0.040319618342716135,-0.009428428519461685,-0.04178743724024092,-0.05761760393483217,-0.011262917736627465,-0.0500911182230821,-0.04497173063052384,-0.005597903763696954,0.02390623186723917,0.09090909090909083,0.08659729369724611,0.04423113186192218,0.08318618795369837
2024-05-31,0.05057972212289008,-0.003422134392794818,0.03171527008736308,0.07076996507061817,0.024371380923052577,0.0240148266352449,0.0019930926231210844,-0.06611570247933884,-0.0999659979598777,0.059523809523809534,0.0710987502151268,0.006388258459085305,0.1510004472718265
2024-06-30,0.03528455550518661,-0.014336645155941241,-0.00886281642267217,0.078401860186887,-0.002431042671593664,0.018213581510457377,0.03877873554900746,0.062331666025394306,0.09885404860848768,0.3595505617977528,-0.04635652077778529,-0.011122006725964972,-0.07078833190420664
2024-07-31,0.012109128868742491,0.02260168186608169,0.06397326654984581,-0.032842898234344164,0.016584035457801516,0.026621197719643108,0.027904965291555284,-0.0418930339249064,-0.06727022690809081,-0.19834710743801653,-0.027243931412049505,0.03798593226292746,0.01926473282020602
2024-08-31,0.02336560100947227,-0.02070604364217976,0.04572593185995011,0.006992560633335865,0.05985854962607018,0.05059088152706126,-0.0019734901715851016,-0.060987903225806495,-0.014620960805995842,-0.005154639175257714,-0.0430667895679131,0.0455905674235737,-0.003946953487662386
2024-09-30,0.021009264792861027,-0.030273829411929354,-0.005578750278824818,0.02648348973189485,0.011252916677841673,-0.01656580415231057,0.0729918600962185,-0.07742887815351573,-0.09788029925187047,0.37305699481865284,0.03095504471564814,0.05805595971176447,0.08265275900690061
2024-10-31,-0.008923683501901425,0.008998756054310109,0.025596407394568033,-0.015591635537688608,-0.034699068461041094,-0.04642272750087861,-0.017367601403827093,0.012072727272727235,0.012439530062197779,-0.31320754716981125,0.029685590499304526,0.045271189826799674,0.06088181469439591
2024-11-30,0.05963356837173128,0.07833734347912147,0.1045602764178788,0.05170131603349892,0.03869255939492322,0.0036768550432009217,0.12905669009948117,-0.018970968669157706,0.01242320819112619,0.8626373626373627,-0.04806635390993064,-0.05300586830042575,-0.10395746143905527
2024-12-31,-0.024099782948004966,-0.09583948837250444,-0.05461851245157279,-0.003564877485430218,-0.04818574467790293,-0.06257123637680784,0.011129212585848869,0.061236448871960114,0.005663430420711935,0.002949852507374562,-0.018270646326507545,-0.012327379816244655,-0.04313065223575496
2025-01-31,0.02685639721936295,0.02311520917662313,0.06497147052165464,-0.0073539235094793876,0.004705869897783543,0.06760180961722795,0.03485610663354599,0.005521811154058698,0.03392330383480835,-0.138235294117647,0.007494207824397581,0.07365695730773503,0.09410076916429011
2025-02-28,-0.01269488025328902,0.038339437171898805,0.013792788336422612,-0.022876299660648414,0.051911992497444714,0.014026269473457642,-0.06981949175087332,-0.03940142778693034,-0.030475943457398458,0.334470989761092,0.0394683317454414,0.02796623066332904,-0.013535716091198635
2025-03-31,-0.05572094082163126,0.034844850053182386,-0.04201660912130001,-0.08289052962037091,-0.011792842653577384,-0.015845596898818926,-0.08323878181385125,0.027154494783478755,0.033039058319957126,0.051150895140664954,0.04338756667979493,0.07289563028996904,0.0952077434563694
2025-04-30,-0.008670150340856608,-0.13857736229362683,-0.021078792341678865,0.01690286993801382,0.001958940803495235,-0.03794245131171492,-0.001012612653157663,-0.17142062056490892,-0.17946393888385348,-0.24087591240875916,-0.05784075805895117,0.07663413835510302,-0.03643068752431
2025-05-31,0.0628449484965905,0.012794421487603458,0.045117275244214605,0.0997285944452968,0.012220075169333322,-0.05574157264939861,0.08384842921778812,0.03207388748950457,0.014991320814265352,-0.08333333333333337,0.03908392951302342,-0.001096892579251052,0.010158431467767404
2025-06-30,0.05139376509099236,0.04891700709415159,0.0311495960349244,0.0984556674797179,-0.01582187151351,0.021056915017830136,0.01863075917367918,0.07875040676862999,0.05954601990049779,0.1398601398601398,0.03188131308825959,-0.015180075382130842,0.07598842641973147
2025-07-31,0.02303142471184949,0.02829796492899983,0.0,0.03755451096332285,-0.014697612304458096,-0.0323469849107787,0.01886498487425503,0.061236802413273006,0.07747615553925158,-0.08282208588957041,-0.006556914435600025,0.005230454707224164,0.03465896715607708
2025-08-31,0.020519541967711552,0.03646297552822042,0.03093377179120771,-0.0011033634220488642,0.012534641295903315,0.053668570465788434,0.04656137246549341,-0.0852757248436612,-0.0762631077216398,-0.03678929765886296,-0.01010223507295438,0.04040803665271575,0.05311850592394696
2025-09-30,0.035606532370551,-0.0031751824817518592,0.0010663888162707469,0.07531687796971376,-0.023098417351870015,0.017292702626071632,0.03592134215813325,-0.018489745183343675,0.010172490048651062,0.08333333333333348,0.03338519952236352,0.12264941465843271,0.2027154469877912
2025-10-31,0.023837358013667043,-0.013542086186065228,-0.02784499537826801,0.06677043300481911,-0.026669011195123327,0.036502299586656406,0.0012098141873171375,-0.022479024853569785,-0.04495037945125513,0.14423076923076916,0.07455347761167808,0.05051428369459332,0.04426034595175099
2025-11-30,0.001949990886442432,0.026323969472731967,0.01833037972971141,-0.04809128650101124,0.04050878531186841,0.09289415299932591,-0.014462492861832765,-0.05133603238866402,-0.020935207823960966,0.2857142857142858,0.00671417584247358,0.03672755156893048,0.09680953955020133
2025-12-31,0.0007714849484450337,-0.0030467545735221035,0.03054473822049153,0.007526434417460592,-0.013412797524503417,-0.01392558673185873,0.011969001587698758,-0.022533287811539737,-0.04245356641173703,-0.1285403050108932,0.09054139519431503,0.042077619042752756,0.4003638859898311
2026-01-31,0.014737875949035972,0.14180326010564737,-0.02428424369322335,-0.000625244562530658,0.07505162218815498,-0.00038698228090205955,0.01473910605177764,0.12644079636744676,0.17766911165444177,0.7949999999999999,0.1014033025509764,0.22528643496480782,0.5256802158517098
2026-02-28,-0.008641972618183669,0.09539589943570581,-0.037611354371130945,-0.0355852968634609,0.0778345671377556,0.035284418259078576,-0.035569313678293635,0.038139534883720794,-0.012871972318339142,-0.5835654596100278,-0.002715243523042532,-0.029572260196782496,-0.23175545240104178
2026-03-31,-0.04934204355737293,0.10256977285868873,-0.03515508558339475,-0.04106011646630725,-0.08410865882003526,-0.08107213161607274,-0.06560562908359857,0.536140979689367,0.7763600673022997,-0.03678929765886296,-0.03263255669584886,-0.12724985683677414,-0.20799472277571118
2026-04-30,0.10505276509573802,-0.02628113548446498,0.055904029789465515,0.2001506676460063,0.028421150898156444,-0.0042289048006598495,0.08597885422212159,0.05619288353101304,-0.01933854289999215,-0.08333333333333326,0.02889189824378957,0.00934213590912858,0.030303160401389695
2026-05-31,0.05262580794654026,-0.05632780275645255,-0.010550732449132738,0.1976178669395081,-0.0166055538966855,0.02383761608703705,0.02129280850188353,-0.1608983799705449,-0.25241468126207345,0.26515151515151514,0.048210655200342734,-0.013899398952969544,0.05548602883267817
2026-06-30,-0.010319437932157838,-0.04977626533982438,0.04297784669140037,-0.0014345337398457003,0.008930620989691995,0.06612587623102395,-0.02773218199845473,-0.2259763053971039,-0.24138673557278212,0.0,0.002951764278746216,-0.10787336333803832,-0.23272193226950078
2026-07-31,0.0003481661020126037,0.12125776689888901,0.06211527700055952,-0.07962418643711955,0.023835319609967653,0.024517836883902744,-0.010146657571623474,0.22108843537414957,0.37595799034913435,-0.22455089820359286,-0.0006803403316174572,0.02223902828594637,0.013882171340365401
2026-08-31,0.026799459191732655,0.07405541561712847,0.013523006673691551,0.06358711149130314,-0.0008230452674896638,0.04915410642879103,0.004307003187182357,0.010097493036211658,-0.07426508509541008,0.11969111969111967,,0.08747272366376269,0.12547365785663045
2026-09-30,-0.003598200899550208,0.018449030644152487,-0.007970888927395614,0.006273458445040125,-0.01882795951988714,-0.030374105781634686,-0.031134745690024945,0.11754567390554982,0.22016713091922013,-0.03103448275862064,,-0.03167430614658995,-0.04605473781670999
