date,XS long/short (13),"XS long/short (13, RP)",XS long-only (13),"XS long-only (13, RP)",TS long/flat (13),Equal-weight (13),XS long/short (orig 7),"XS long/short (orig 7, RP)",SPY buy & hold
2001-01-31,-0.28893904424177064,-0.2648153823739282,-0.1340557508840492,-0.09651912385515153,-0.03131079451495925,0.006699976198759974,-0.19348277191625363,-0.17843861295701569,0.044459462226864144
2001-02-28,0.066036153660754,0.06999660733706521,-0.08438369227967996,-0.07548256712671085,-0.01696153412052004,-0.05521154427854887,0.10248890639939756,0.05427615930187576,-0.0953884161405435
2001-03-31,0.08486339922849423,0.056121788329216146,-0.005427086859362662,-0.020524378026261277,-0.02259057837681242,-0.0364983775774777,0.034695267703521215,-0.006045349269533521,-0.05598925960916912
2001-04-30,-0.17379997858328422,-0.12087550784157824,-0.04923627905673322,-0.0014950700266683236,0.021009565458922266,0.04649569088640259,-0.0957713636965859,-0.06151161343231461,0.08543992220579
2001-05-31,-0.07508415917752587,9.881382208812967e-05,-0.09836579359227232,-0.01618169720514032,-0.014091197103850579,-0.0068709670956009095,0.052625242460615784,0.046197533232493246,-0.005605492760764164
2001-06-30,-0.025570783273536624,-0.026989576290562794,-0.02771104688352355,-0.02973380526058005,-0.03411688322091746,-0.04500959094138821,-0.024570783273536623,-0.025971681255843523,-0.023829693519910156
2001-07-31,-0.04663215864989684,-0.016063489801425825,-0.01151621712537415,-0.01153208160989445,0.002899673740555946,-0.0014223113676725867,0.02819425159486738,0.010001469510667922,-0.010195775815988961
2001-08-31,0.15841678152008626,-0.041563719838451314,-0.07783291947695148,-0.07772211051969465,-0.012941354211818374,-0.05496871968929744,0.012856474865107492,-0.03376036807980789,-0.059332558895480614
2001-09-30,0.10815535502071028,0.008396870969054341,-0.06470595764968656,-0.05745080198983178,-0.016972476235642242,-0.0895126025101794,0.05797443011352771,0.01658354277531009,-0.0815933740662319
2001-10-31,-0.385176244768726,-0.10162390534408679,0.02314800840278014,0.016392890539259845,0.004117819709596389,0.05168811877841634,-0.037909562911750794,-0.014282945960610034,0.013022191841605135
2001-11-30,0.21592450398208574,0.12158038089677048,0.08867205814083823,0.07528925808875565,-0.00018181818181818183,0.0037676271477414995,-0.025018231315418804,0.01604855474354864,0.07797667580673551
2001-12-31,-0.15522372514729627,-0.03918603394458957,0.012877616134372827,0.0017818075524302,0.004038182137030544,0.03823236722483317,0.021068906159182443,0.004003550524996326,0.00561722175396806
2002-01-31,0.04198776622059086,0.026297018018029198,0.011725241170490619,0.010304236452614161,0.0029881119402479306,-0.007833312258783219,0.033929810764672386,0.03633966329405926,-0.009799799608499415
2002-02-28,0.030029640187441975,0.04896099871355056,0.012211285299436714,0.014874194678589109,0.0004921498005563004,0.020076493996442995,0.0850498987020803,0.055811886277575544,-0.01793525387138173
2002-03-31,-0.20286724405579715,-0.07126140346736468,0.03838577905593343,0.045126677545008785,0.0011544037443472867,0.08121612664752031,-0.031304803895750966,-0.0037994241975483995,0.03324222988670322
2002-04-30,-0.12864118904554844,-0.08425217034892908,-0.03356669397789225,-0.03620914042983071,-0.006655952602780049,-0.005271086357663808,0.04488138116726487,-0.009408886981152813,-0.05815574316154437
2002-05-31,0.08009431811429485,0.010123838389332944,-0.00813583293942055,-0.009476880231928794,-0.0005780668940176157,-0.029898125823174682,0.021399618121814623,0.0055760178620132,-0.005932907514150654
2002-06-30,0.006870989065496603,-0.06693015012711809,-0.0772428041012625,-0.0879526945952044,-0.005060310047425979,-0.026630315964585097,0.007870989065496603,-0.06607405555883296,-0.07375290035827309
2002-07-31,-0.0030113898014778023,0.02647785253036783,-0.08882707003288837,-0.10915024640489933,-0.022749492156496572,-0.04878510662174434,0.004768473102739535,-0.007801007991446227,-0.07882026529304587
2002-08-31,-0.010019438282412694,-0.05063755204720064,-0.010817284711549855,-0.042601431723227653,0.004321290405046242,0.012892670083986016,0.019727546078668334,0.015391009525008598,0.006801008841821776
2002-09-30,0.2712381172096057,0.1320965934065906,0.15310562160352198,0.03237412483173942,0.0329210145784293,-0.0200812125437226,0.04257067244968121,0.02034683923118449,-0.10485135135135137
2002-10-31,-0.17045662777897824,-0.1878554220641925,-0.026159604535196113,-0.0775440336828047,-0.003099994108416741,0.034433619802992345,-0.08139738648145922,-0.03899478626860774,0.08228287616430907
2002-11-30,-0.11330289728670878,-0.10222897963982668,-0.002194686525851363,-0.00253289759530808,0.004162312851050853,0.028007461552508644,-0.07251257237690167,-0.03819713260064948,0.06168095241416349
2002-12-31,0.22191552697769035,0.20926596935109706,0.1274919079133775,0.13750267707227126,0.036097657481955925,0.005504538813269502,0.03299262966100702,-0.0095106975007637,-0.05663581362044834
2003-01-31,0.17255789530809562,0.13351511328102975,0.14469030162529606,0.1305377808050183,0.03364828251163179,0.016667270124953625,0.01880680173071614,0.01802037812559275,-0.024595158263436945
2003-02-28,0.5159560488017422,0.36549584453728656,0.5171309799995508,0.42879110716286384,0.10268392901290363,0.08176957361902276,0.0013701686836032918,-0.0012062180822440044,-0.013478638000763876
2003-03-31,-0.34887901376063746,-0.1953596289124343,-0.34471190480744157,-0.2448272972592316,-0.08001354813616639,-0.06479453042768266,0.007895531187088967,0.011061578881518166,0.0020588267220511547
2003-04-30,-0.1187437802446138,-0.13252465130429014,-0.05713332487241313,-0.11793822677555414,-0.028534262728259516,0.01223821391197728,-0.05040626935721465,-0.023974000108246837,0.08461219036614431
2003-05-31,0.06947505890428562,-0.00975495456274032,0.13697676540911496,0.13481857283629878,0.040004272238315534,0.06621831117816031,-0.004078218079126006,0.01932948808213826,0.054836910835712294
2003-06-30,-0.04613265872593847,-0.007364978455926603,-0.04678156648089632,-0.012689452763036686,-0.00868755754198115,0.006991110838532006,0.023833055212891585,0.027691055767936148,0.010661398038151138
2003-07-31,-0.038820703534233614,0.013242484761224247,-0.05723079517665908,-0.020486563378918025,-0.008445630777414496,-0.003511505341748062,0.02542782163824414,0.011560576917864244,0.0180281179931423
2003-08-31,0.025441305106231327,-0.02098149930943214,0.047701858123414875,0.046695361520710695,0.02766838821109305,0.02501875866568165,0.04482813197716101,0.02527309069459836,0.02062608322213544
2003-09-30,-0.013610377032126919,0.009857360941032777,-0.024909343232730585,-0.016768757569970594,-0.02319324155393116,-0.019926215160602802,-0.01689016288717826,-0.00938046135205688,-0.010887565783739506
2003-10-31,0.08203411861503301,0.10218366792759277,0.08115259125796315,0.08330822286763026,0.024728969611101315,0.021001435824778036,0.05510035446858219,0.009098079855928937,0.05352685306589411
2003-11-30,0.020690936647383532,0.015817983260167614,0.03929241919735571,0.049335919768175626,0.03950803423265274,0.03342987511993693,-0.012304134072875728,-0.021034335316634106,0.01092116800110765
2003-12-31,-0.06727778756348357,0.0068610080232516645,0.05524641935597896,0.06015255258216673,0.05124005458495663,0.057678906586131395,0.0038718624991356263,-0.020977332069988537,0.05032403847662681
2004-01-31,0.01820290040413292,0.02689478024197534,0.017493553800447592,0.019431700863181852,0.02209993589011575,0.018513892429530967,0.0037296716179270337,-0.00086512735577793,0.019769813955131
2004-02-29,-0.10361631439313901,-0.06684414037437243,-0.001849470182859525,-0.004436195347707658,0.01850617498644138,0.031315508713185704,-0.035644419048121545,-0.04852193556225189,0.013570315517493992
2004-03-31,0.005593589336772677,0.030870282455857104,0.03088276325888284,0.023921357740505786,-0.0016803654948290036,0.001688306610591283,0.005709238145455653,0.01320120331263585,-0.013198093608701056
2004-04-30,-0.07378923484503791,-0.07484645025561731,-0.03498526261833029,-0.03598131928871713,0.008042512493332604,0.007035972109742972,-0.06395461861506291,-0.05764032149492949,-0.018920736376044522
2004-05-31,-0.054658387377806705,-0.026577279656451236,-0.00020201200879305017,-0.00617410885096092,0.020897953619786972,0.017682883832127433,0.021512423787755863,0.020018736927072216,0.017123482896876263
2004-06-30,-0.024878763073431398,-0.037631595096255396,-0.05930401870469704,-0.059405252629119686,-0.006858298519509809,-0.010735197137259645,0.01868718728676033,0.011622570624071033,0.018492571212012088
2004-07-31,0.16536181569773767,0.1400111569816976,0.11484478936266707,0.11824373166722546,0.023131682838917377,0.01964988547908393,0.03449185845286795,0.046087736561267904,-0.03221922331114713
2004-08-31,-0.029233913026131264,-0.0359100620291299,-0.0038392790266034696,-0.006144248286261744,-0.020130027675904463,-0.017033100341149927,-0.05521918187819813,-0.05530346118064995,0.0024355275645129293
2004-09-30,0.08949182916793763,0.0518780230114834,0.09615301300676438,0.087438316141265,0.06987382034715581,0.05912400183220876,0.0365170817998714,0.02860881554674334,0.010018259216042269
2004-10-31,0.02884083926415698,0.019223318843541518,0.040693350196887135,0.04013717739143763,0.017590568123143323,0.014884326873428968,-0.006209979277208288,-0.0013935314608799015,0.012884661155875499
2004-11-30,-0.10603886221807529,-0.08792207714855908,-0.06710083839243214,-0.06502128583015074,0.017475903676023075,0.018795407820989547,0.016040055658707697,0.01699216674221719,0.044509453440386704
2004-12-31,-0.1442403552476837,-0.1216157878832963,-0.10251354567725807,-0.10469917317914341,-0.01488167770331663,-0.008190852042753768,-0.04075643518662109,-0.030085235439795584,0.030152246283577933
2005-01-31,0.1512774964674088,0.11821708659879641,0.10752755419456117,0.10802243726960799,0.013307635277816733,0.008865193376964984,0.03829154833864418,0.024829052110227533,-0.022420022697297814
2005-02-28,0.1302286662110801,0.09932765684237362,0.14602199575714114,0.15589637831570827,0.043526457955862845,0.03914432422163281,0.06543406612804575,0.05626652421516879,0.02090358822340832
2005-03-31,0.07678423070850143,0.05045919064337681,0.0642160036080105,0.06405071779708257,0.01827575077852391,0.0136074464894447,-0.002832323743202192,-0.002171487476879731,-0.018281236746379936
2005-04-30,-0.052358483689835145,-0.04119252852889867,-0.05258295532181473,-0.05376089282762103,-0.03761874876534768,-0.03167740280144805,-0.03720480836238044,-0.03639233971556233,-0.018734362986578712
2005-05-31,-0.003617463130990593,-0.02518917773743695,0.01532618637982458,0.017197584514681646,0.016589424467219258,0.015085058345546638,0.01110495321890681,0.0046914527175822675,0.03222459722443771
2005-06-30,0.10192641815575676,0.06780724891725282,0.09532552302551733,0.08673571562712258,0.04236958624808369,0.03475874295911091,0.04221454060291452,0.028263871141232196,0.0014971373892445072
2005-07-31,0.029446482934883722,-0.030385674947442598,0.07485351151220931,0.07432845531396691,0.04692008639430417,0.04414215258414223,0.00915317819498318,0.000943208224780667,0.0382612753182372
2005-08-31,0.1032320259967941,0.06727726531099339,0.08974419623208885,0.08427142547534472,0.08254414098929234,0.06992196545247814,0.04073585008532932,0.02542051639592093,-0.009374817943056724
2005-09-30,0.10282722421587454,0.01385013990779955,0.1151257006532308,0.08693174592942096,0.012285563712788047,0.010395476987743728,0.019316578728834077,-0.0009683570701254037,0.007993298111613312
2005-10-31,-0.14768604714676248,-0.06030165661730443,-0.13480574086736197,-0.1110127912042303,-0.03974616693423329,-0.03363137202127432,-0.07088921428593342,-0.04783882544181725,-0.02365161729720977
2005-11-30,-0.05578162560816169,-0.07005192076549388,-0.010999338681977,0.001958151883221232,0.010734620384476017,0.00908314032532586,-0.03222111399069727,-0.0403201856459266,0.0439527606299559
2005-12-31,-0.028790427907687544,0.032662366301808084,-0.04740947132067769,0.009569910412007426,0.008383401449668143,0.004229179163105332,0.044937423073633465,0.048909567877483726,-0.001899455045646481
2006-01-31,0.01981295524350024,0.0203082613683704,0.03055743800979449,0.0909673575147729,0.03400494949697141,0.030217256814745568,0.06572591704074615,0.024737694476363772,0.024014260149413325
2006-02-28,-0.10137561380409327,-0.006948175056580333,-0.09347878497892553,0.009134849254113857,-0.03431028682930386,-0.028476366921789575,-0.049273558779697135,-0.01944065116042397,0.0057261920137337
2006-03-31,0.028121963487231727,0.01136099626728873,0.03518783665762615,0.033323447005613016,0.030706918856014134,0.026434976063984962,0.01461809942897807,-0.0007423503450085444,0.016503454224563674
2006-04-30,0.16714004282440031,0.2095697422722987,0.15017038406165728,0.1848077960164693,0.04624734557016948,0.03553924611943588,0.03558443551124868,0.027690980546890707,0.012632216792497042
2006-05-31,0.17521030787447373,0.11239519225552755,0.11527241048529546,0.11248040743641641,-0.009867262396522471,-0.008272298950903628,-0.03897252627167147,-0.01914152182031284,-0.030120628247280234
2006-06-30,-0.011529139995588298,-0.006271242431344959,-0.011231671826801126,-0.013472708899442087,0.0025978636256085135,0.002198192298591818,0.009106527603098826,0.0007415515414006136,0.0026443522646035778
2006-07-31,-0.17855728146783123,-0.09313997586122058,0.03807984178659274,0.03440790947681076,0.010417056069862297,0.042143220252102556,0.017521361704709526,0.00043391417242411023,0.004477752586004247
2006-08-31,0.07424842663613773,-0.03820295927518738,-0.050785907231344074,-0.05476383273034309,-0.012379213678602731,-0.022632107566475518,-0.06987879403325503,-0.05731217972080239,0.0218221562645875
2006-09-30,0.13751193640258852,0.006334675930354042,-0.023633143910181786,-0.026484338344871166,-0.01765810171271079,-0.03473972272492934,-0.053097196193733376,-0.04504666778696097,0.026994082185719748
2006-10-31,-0.437949267031576,-0.12975320830578746,0.002484473200415783,0.014054685553484847,0.008068294917347112,0.06961222264338786,-0.03299676406458829,-0.010953348065047648,0.03151690875369173
2006-11-30,-0.22850847981935918,-0.08583959180771525,-0.027690501331382733,-0.0060437390551790985,0.027247566820576094,0.04251809870916217,-0.0016928597027509578,0.006314515262247107,0.019884809275400928
2006-12-31,0.17933619682229934,0.07633309434617676,-0.005968369760078085,0.023048589848488423,-0.007968758001164901,-0.03281528043885551,0.0007785083179203131,0.01364225173501344,0.013368688316474975
2007-01-31,-0.2632514092135809,-0.10532462110735752,-0.0798182277688958,-0.062206718760906096,-0.011270352914113692,0.022071939142603098,-0.017275503407991333,-0.025037515768284058,0.015040138692163474
2007-02-28,-0.010585169820128748,-0.0608880029048235,-0.013704913940189134,-0.02669063550351268,-0.014955029876698651,-0.009074333183995751,-0.01055281008031572,-0.016520194410881404,-0.0196176987274872
2007-03-31,-0.11617461630448506,-0.06427539944434923,-0.005062916864876531,-0.005028645503020435,0.02420900345888329,0.0375017259174564,-0.012341742470692252,-0.011248784684349684,0.01160208935070739
2007-04-30,0.03517349550676335,0.04370246494737168,0.02490521075311658,0.025359488677633255,0.0485087961770467,0.03946616834155539,-0.02530947710652398,0.0006775413402016531,0.04429644839591207
2007-05-31,0.017901560849416354,0.024500844673379582,0.011588932657968565,0.012793108474573477,0.02261915223293976,0.018168109090726296,-0.03013996229786975,-0.011965884086741301,0.033920164219108706
2007-06-30,-0.13208958192918246,-0.06997861455361667,-0.0913760246178556,-0.018149471450463382,-0.02677290098836791,-0.011909221752694949,-0.005792899413291806,0.001773383831195528,-0.014647857475482362
2007-07-31,-0.07982732478003302,-0.08027791710325533,0.009181267841168406,-0.00013057057504683875,-0.016149349712484353,-4.8127814994234665e-05,0.03379693017159768,0.04119242140088287,-0.03131031282013541
2007-08-31,0.1173114279222614,0.0504547080789245,0.011696865191915928,0.012568659281251901,0.010961660855798448,-0.016321236954223085,-0.013017965830862899,-0.014921718564789872,0.012832722761382254
2007-09-30,0.02925503458995971,0.045949838915975295,0.05486102832290185,0.05025017488849195,0.0550712317040835,0.0469064268265322,0.026076012454082198,0.02566149819165329,0.03869975886563015
2007-10-31,0.08940328576892853,0.034984813917195434,0.10357024340851972,0.04274561408019299,0.05146930805045786,0.04588433106417068,0.03847392225749835,0.04383186765565413,0.01356616234779029
2007-11-30,0.0008032948394906007,0.03672793493904218,-0.037977980655339194,-0.03956654207221093,-0.029407011484106002,-0.034969971790417415,0.008020304861230065,0.0012602723766643145,-0.038732738442598946
2007-12-31,0.11105906734652082,0.12091518006709906,0.06949118071337534,0.06941372916017328,0.01332399617585266,0.0010675822251858128,0.10528296653147912,0.10286404803973308,-0.011332166041693847
2008-01-31,-0.036304535535670646,-0.025270376244757243,-0.03351165187533184,-0.032990878004748876,-0.024870864352511814,-0.02069182619668864,-0.09200644459570972,-0.09020164203309976,-0.06046023114377441
2008-02-29,0.182155950197866,0.16213736606526089,0.10602792192138444,0.10572938960470771,0.029372355347896482,0.02271512633825808,0.09780819076510433,0.09840602094520158,-0.025843456240098317
2008-03-31,0.02982838242597996,0.0335307098831327,0.0059072104254868085,0.006457169766870103,0.011863611458852768,0.005817390696837144,0.02740749042279128,0.035833080058326805,-0.009031302987511314
2008-04-30,0.05595843406284862,0.02017981761359489,0.10282716237373357,0.10041550676713651,0.03904339546836552,0.04964061503879995,0.0012774291595009646,-0.01479989441939079,0.04766263748022759
2008-05-31,0.15639830343534877,0.10839791100733943,0.13530536290605977,0.13771024432086373,0.033568060059888785,0.03279765720187366,0.06227924477385427,0.042257568463195484,0.015116549527228518
2008-06-30,0.23558285566816084,0.23923355846977315,0.09076851476942138,0.08991061254303531,0.02749762355614325,-0.01588687773128327,0.1321293852742979,0.11266813224290761,-0.08349887128685263
2008-07-31,-0.24107315747029545,-0.18042343111338435,-0.20638547133904395,-0.19723473633160057,-0.05773265398370715,-0.04264004728608747,-0.10210566507892727,-0.06607842328664552,-0.00898604537914871
2008-08-31,-0.12740057402112165,-0.11893019854378585,-0.09882337799760871,-0.09562670286426184,-0.03001354981582951,-0.01648041772943261,-0.015131204267102905,-0.020172994931861334,0.015453294066676504
2008-09-30,-0.08900813759352272,-0.030406316336151543,-0.15290850440610226,-0.15859919417198617,-0.061680244500129794,-0.08398857294342849,-0.015031816686475796,0.0036633120536433417,-0.09437310705073643
2008-10-31,-0.1392449639715423,0.0038822887365765773,-0.3420799340459385,-0.34229055579429946,-0.10339296304891415,-0.17554947834500387,0.04479126425507263,0.022725267304346465,-0.1651867233279225
2008-11-30,-0.06848378785680947,0.010496785476991287,-0.1969735682819383,-0.19679282240304422,-0.036086103323988775,-0.08762758537307905,0.08455904813658655,0.031070908888169355,-0.06960646345732102
2008-12-31,-0.07385903697614743,-0.045026680840311764,-0.06409445864232027,-0.03234376540514232,-0.00018181818181818183,-0.04739195357993266,0.026276720425734923,0.03961428993422526,0.009835461406755064
2009-01-31,-0.09897166870498952,-0.06091203346860061,-0.11240338416147005,-0.0914440827630201,0.0,-0.04103933898440966,0.11262004769871481,0.048293294971305474,-0.08211429092789146
2009-02-28,-0.11751254809606099,-0.1604588255718683,-0.10335897046437464,-0.10195556948125747,0.0,-0.06235725892482068,0.005470522915156595,-0.059935291027268134,-0.10744839468539813
2009-03-31,-0.09862291857530436,-0.024401230551792014,0.05129907260829503,0.0504160068873461,0.0,0.062809575655874,-0.054325438313067465,-0.005535414312372759,0.08348398736362261
2009-04-30,-0.17757198982314643,-0.08987862293922895,0.020706482608559174,0.023318174779193096,0.0,0.0704310001567092,-0.12735022569246252,-0.06279929948060083,0.09934559906807805
2009-05-31,-0.114405112994161,-0.028865124504529303,0.05957223018545388,0.058762501016757215,0.0,0.10092257680615173,-0.0747672035374406,-0.014083190303834096,0.05845430802889706
2009-06-30,0.013285374983461495,0.02165656261731856,0.012859504542949152,0.011742732738962591,0.0,0.009448895592390363,0.05457456367976593,0.04729265688021946,-0.0006742790514160379
2009-07-31,0.09953382376802111,0.1197609394787439,0.06292045481867758,0.06333092477439402,0.0,0.0369658279260691,-0.008174455665483804,0.0389901039772833,0.07460525113953431
2009-08-31,0.16485814168125462,0.14465574091500855,0.019570805394923174,0.018854918970187755,0.0,0.013030938202652529,-0.050813607176015574,-0.01420532151186611,0.03693995423805263
2009-09-30,-0.1373413550726108,-0.08794783243428338,0.038647748876307064,0.03737800099252732,0.0,0.04300052638553695,-0.00031655397758745176,0.014845286480334329,0.035457420422754904
2009-10-31,-0.19669487727500573,-0.13419738811464715,-0.01769402572802864,-0.01823013892587803,-0.0012237698739407338,0.032096411379233206,-0.0002442236351193885,-0.01847895421218343,-0.019225195386566085
2009-11-30,-0.0026952557110854185,0.03864022764577194,0.056505890571042716,0.05564569750078169,0.03945870661185528,0.04295754348420496,0.024303569692655347,0.037979897240383954,0.06160643845995617
2009-12-31,-0.1363662345204153,-0.04986042953619575,0.02193812386803795,0.02573217989119239,0.018554737594267474,0.040371538822569615,0.04907799230861243,0.047744461638616766,0.019072764195738445
2010-01-31,0.038126518627488115,0.028153181403863053,-0.015084857761495318,0.0027216562180071395,-0.02967917285758956,-0.0325146794388433,-0.056697441510087876,-0.05524593273507263,-0.03634256668700342
2010-02-28,0.056849896260811716,0.006999147054344226,0.012238652812792128,-0.00671642392497074,0.020501373651144725,0.017424239243276306,0.016309848623722867,0.00026633076842405134,0.031194743309257644
2010-03-31,0.1544845382948084,0.03848526546798736,0.08714813942124455,0.08715857106698482,0.03647525189779362,0.030863674682748442,0.048606612451695286,0.0006041065977449331,0.06090538866465889
2010-04-30,0.04800422545530314,0.04517860678112194,0.0241837461860549,0.025008100733079967,0.021355541579649064,0.018070073644318438,0.06054636104172395,0.05401157747394782,0.015469977764689169
2010-05-31,-0.12017244540273625,-0.061286243535333955,-0.12847169564506095,-0.12530818381706535,-0.07783346782737055,-0.06585908816162124,-0.0015521796660533651,0.018610139984234594,-0.07945487878764035
2010-06-30,-0.07042681562662689,-0.06186712940295087,-0.07454890243618839,-0.0795775249231324,-0.02852982734466086,-0.024140623137789956,-0.03882449330850046,-0.03622694315850765,-0.05174302247631413
2010-07-31,0.018158494834016103,0.022038484278875475,0.05880252466739899,0.060951515900486725,0.056326556289358475,0.04766093224484179,0.022805441681637117,0.007823114790431613,0.06829981869128066
2010-08-31,-0.03435551116927432,0.03829220925602192,-0.06509686206464649,-0.002742673723276143,-0.045183786108061695,-0.04192728564251051,-0.026414768375836506,-0.014840017580882553,-0.04497984609747163
2010-09-30,-0.015983423294004373,-0.04986876781769932,0.06067934574273204,0.08397805087876191,0.07998748911733505,0.06775864463774504,0.0076431840213968556,0.004484537926928734,0.08955319954562668
2010-10-31,-0.06524221309470773,-0.03272798816786626,-0.02840087541667019,0.013868074984309847,0.015025574665349211,0.020174475116410975,0.006808509531022967,0.014142952725526077,0.038202010302889056
2010-11-30,-0.09485380450844466,-0.03252808625980212,0.02179402393025165,0.021775934382430025,0.009840843091717106,0.02694957785416356,-0.022484551302115352,-0.02294917508665523,0.0
2010-12-31,0.0007892670836634474,-0.0026396881263806016,0.061517382479177485,0.06172510395324869,0.06416004796962267,0.0553987388145328,-0.029290637687365062,-0.045077933891151965,0.06684437382772979
2011-01-31,-0.00984906310262923,-0.0009947577026979543,0.017704007979168712,0.01752339980305329,0.02110113560055683,0.022016817982286233,0.014860175787984153,0.009744419617385654,0.02329995952471342
2011-02-28,0.1360025438911085,0.0981832324507921,0.09618229969152414,0.09600737921305888,0.04682583646422548,0.03117111327689947,0.03750538019820682,0.023869356697037797,0.0347377447448276
2011-03-31,-0.07035466641844901,-0.05222431935536276,-0.011686329103710034,-0.013771150333182,0.009128892722895502,0.015358035474863434,-0.009745938872864846,-0.01581828837723597,0.00010667667583619256
2011-04-30,-0.009325735364638543,-0.02106453087197649,0.04483070129034783,0.04430109086501929,0.037348732787609216,0.03167969697413087,-0.009080367869555905,-0.023427337120326856,0.028961603455955665
2011-05-31,-0.054958121709433094,-0.04985495700348543,-0.058097659766969956,-0.057857528504945556,-0.022689982334218022,-0.0191992158212614,-0.01814905387885457,-0.019195022144674324,-0.01121480615489756
2011-06-30,0.01759015940708536,-0.0025154157969330708,-0.032950595371280145,-0.033473519618428794,-0.02797691889572862,-0.023672777527154985,0.015385519793622349,0.021534654628786568,-0.016886811959000214
2011-07-31,0.04660756094646917,0.05190354815525195,0.026189459410334015,0.02538928386656415,-0.0002043335173875071,0.01779547557812464,0.024822800262096267,0.022655981852351494,-0.020004798781938726
2011-08-31,0.03315232728205514,0.018318762978259497,-0.048706977736398704,-0.05285072283904352,-0.046648944862524896,-0.03211791334245058,-0.003947737110227888,-0.0056720843164991715,-0.05497548103419958
2011-09-30,-0.026115601404489208,-0.03606657224159224,-0.11958881089687257,-0.11908807265822226,-0.07845721900478886,-0.09622969649625522,-0.03416580293242011,-0.01611717796405078,-0.06944944953482879
2011-10-31,0.04136471900309474,0.02236366525627137,0.10998788955187655,0.10677756684830007,0.06544230787866367,0.08168061368354043,0.031978452784189204,0.0028829511981350326,0.1091470505674299
2011-11-30,-0.019982320089989514,-0.008426099773429323,-0.005894119698488464,-0.000831381374864674,0.005380583038568709,0.003721422387244087,0.04303471789160612,0.03819640130572216,-0.004063806094262934
2011-12-31,0.07713256854619205,0.07579222085156083,-0.00023184716918123096,0.008337972203645943,0.0008885175176256528,-0.029427140227692432,-0.012283756539735013,0.0013826240913115857,0.010440565736357543
2012-01-31,-0.07289287120603244,-0.06533648298205133,0.0019591473187081107,-0.005315312739998933,0.02037574606537201,0.04017482838708973,-0.05584398287474385,-0.03724131955224956,0.04637391063344931
2012-02-29,0.012441873715155706,0.022977304065382283,0.023038665364039645,0.024620907793470256,0.02604042173106382,0.04240164819797775,-0.03167965504053216,0.003903902817876266,0.043405368233423225
2012-03-31,0.12633204647131668,0.09969293867415349,0.037903351119818574,0.03724791711961321,0.01451775098938787,-0.004096247237079191,0.02022446303016523,0.04051430386623738,0.032157373029475966
2012-04-30,-0.019235498809922702,-0.011455064177186749,-0.005170602208438123,-0.0034393950341354107,-0.0025071149728115604,-0.005441029151054079,0.009941883130782037,0.004921841049547757,-0.00667598213179621
2012-05-31,-0.09389641786332631,-0.08964411148317289,-0.06020513071910649,-0.06057724647588417,-0.020765765158318506,-0.06366072391765584,0.039219531246659556,0.0004133814485686911,-0.06005573656540608
2012-06-30,-0.02993647221669149,0.0014650839735043343,0.025862535996090896,0.02599832073984688,0.006651328320863631,0.023236209012474536,-0.022918161538782567,-0.005995773193959318,0.04052889910897295
2012-07-31,-0.07282619451919436,-0.012317475197607921,0.020679551261912565,0.02135611553714194,0.005000107817049792,0.03746432073137035,-0.004883006895667784,0.016354509107726848,0.011829853385577183
2012-08-31,0.009758232493885577,0.006142477792223654,0.002475896413627666,0.0013450204286402996,0.01171658211520229,0.028897682558365702,-0.028074728429843265,-0.01351252477016953,0.025051985069813876
2012-09-30,-0.09457332678665464,-0.019251884883547295,0.015307782488863664,0.015812760468323625,0.01459318003366297,0.03597883040206588,-0.016630287600926996,0.0035343813932323244,0.025356380588885674
2012-10-31,-0.10796943811786563,-0.07881720418437538,-0.040377056048782334,-0.04020009063699827,-0.022117204357570645,-0.01156453019309629,-0.02512552238059995,-0.019170512741605663,-0.018198088587953243
2012-11-30,0.008781995164795333,0.017503294167590864,0.01746211974854972,0.015580991909692195,0.0035179958394686997,0.00485339962158476,0.01974674507241775,0.01755186561851381,0.005660026634362936
2012-12-31,0.05123675580231257,0.038078553477542944,0.024558444027398374,0.02052175732308219,0.005566142903506186,-0.0009534570870997836,0.028780339238744956,0.02925849854917499,0.008998108763088153
2013-01-31,0.020401502951833073,0.04227399934933754,0.05856667150900441,0.0582170134433558,0.03484666652259526,0.040029588141975554,-0.011171189887827504,-0.02386758146825702,0.05119033185572475
2013-02-28,0.1015019195630536,0.09033938557192034,0.027562035731405254,0.020048504992449756,0.008595777943107005,-0.00648390423832923,0.006907601927514385,0.00834630634233048,0.012758634914461053
2013-03-31,0.08566704897379973,0.0786978586360341,0.10976749423677623,0.08164934959735981,0.03395964196136478,0.03211593546537508,0.02446333698579506,0.03115228237920354,0.03797575683013332
2013-04-30,0.14588940629850866,0.12351813071978847,0.047854750097947596,0.03811752448493682,0.014428012491872236,-0.015429997353652351,0.008706029052458543,0.01105095400029288,0.01921256512971481
2013-05-31,0.007962095602400021,0.018785702947067707,-0.024317426240355933,-0.0034515431116810906,0.007483118977952024,-0.0014767137198307642,0.00851474291302712,0.009247454748516116,0.02360896773037724
2013-06-30,-0.034455011217658094,-0.01623126202567569,-0.06494885158554076,-0.03427069639074869,-0.011281434488990421,-0.017215612358834807,0.009253489439604301,0.00861230494044748,-0.013359965241368288
2013-07-31,0.06846234264021411,0.07844955439871774,0.011462441446541571,0.03773292287414481,0.03651470965060232,0.026640076230450692,0.010802039936168463,0.017941422578485872,0.05167689260200392
2013-08-31,-0.16381373902234625,-0.11458107168104384,-0.04085363647428636,-0.040033070835141786,-0.011763080787944056,0.016105790881277837,-0.030496173955786632,-0.03652298086290431,-0.029992291268715165
2013-09-30,0.0914412166204675,0.07887736762884692,0.02901753767555537,0.02892911205839892,0.00992197539825591,-0.005356485928210157,0.005754240236047648,0.00167519312311259,0.03168079269478552
2013-10-31,0.03601279635708243,0.049529614228618936,0.03850426712473198,0.03908009792410503,0.02209126398746913,0.02302159304612324,-0.007614889693133064,-0.0076508513938158855,0.04630697443358245
2013-11-30,0.10974943874983545,0.09498474479640387,0.039860963685777184,0.03903362651509263,0.012476926859424298,0.009461629108141398,0.015554888998552287,0.010429156931616085,0.029637856872353874
2013-12-31,0.052355263437810884,0.047993436465471766,0.015088293407909847,0.016209402660670738,0.024833553720685176,0.019970697747118866,-0.00600302937636743,-0.009423361737192062,0.025895834762917902
2014-01-31,-0.038789544963158507,-0.05534013063872979,-0.025311606132009723,-0.030690975402512786,-0.008618822975775748,-0.005652048429663254,0.015538683325946046,0.010999062327014376,-0.03524860237666205
2014-02-28,-0.023950778028060893,0.021848038968141224,0.0630896729811381,0.06281470461342933,0.026328799060735084,0.0388790058361041,0.016979383842030238,0.018753888049898807,0.04551631376790488
2014-03-31,0.009627956519757619,0.005889343664533577,-0.04059376136470649,-0.027538824467938858,-0.002433130883314948,-0.017669233171061453,-0.042095109119537844,-0.041540404288183196,0.008310399936338975
2014-04-30,0.0018569540414105088,-0.008569632046227288,-0.010960667091987897,-0.010491144355134412,0.010111637889581035,0.008488761228212736,-0.04993680735487499,-0.05024592124549491,0.006951560056349004
2014-05-31,0.047549313822887296,0.047891837015165827,0.020880451323425198,0.021333564908555657,0.011091861311758117,0.009496701980981669,0.0034640003012202944,0.004010636243620802,0.023206312879957558
2014-06-30,-0.0583653193554689,-0.018689230366537697,-0.0015421393213509984,0.008117849827701692,0.013607530058830702,0.02688160662697664,0.025296091087224803,0.025169127159126416,0.02063355382884091
2014-07-31,-0.03841174690630633,-0.019939380607517702,-0.06881883356464547,-0.039963400928732754,-0.027536672764326437,-0.02907292504453087,0.031971646386801944,0.0313423380427219,-0.013437585212277225
2014-08-31,0.04964050012887894,0.036476144585375764,0.044309877602351944,0.033963289235626776,0.01994612513320471,0.018893762340749732,-0.017933227861356094,-0.010779667653569332,0.039463391194209496
2014-09-30,0.0903348049495033,0.052679630357737504,-0.0024114919187858113,-0.0027117735526620895,-0.007479251323418996,-0.03309355991590639,0.008514453535753976,0.004827760596796631,-0.013791429480994766
2014-10-31,0.11516587873264211,0.10897649834367934,0.034307307717076574,0.033571402877355334,0.005006871059533107,-0.020156552692349027,0.0060031694994835405,0.016701753807121484,0.02355141920722259
2014-11-30,0.13532478006758358,0.1231475382595441,0.04144410033386836,0.042078279402675244,0.02173012758296173,-0.007381156393594885,0.05667418734045493,0.059086830462322285,0.027471853599446483
2014-12-31,0.09128136807502585,0.04449796411155177,-0.0179041739006362,-0.018154101179994383,-0.0018005769371864677,-0.0558160928328003,-0.021203403068617677,-0.026656948572194566,-0.0025601885390107437
2015-01-31,0.11103145402209341,0.041176212896654255,-0.011025592405148776,-0.011985796401768853,-0.012450800266696342,-0.034300706062562,0.02674556302401382,0.011711852488799421,-0.029629158015494927
2015-02-28,-0.13149008692257802,-0.02395140909952054,0.04115740970090731,0.04112294040373344,0.028010488295519324,0.04725354933408853,-0.024528070887812503,-0.005676043591952691,0.05620451969026319
2015-03-31,0.0809567007591448,0.021360511760797986,-0.006557923514698971,-0.005850780686012945,-0.005715972689972644,-0.022771080919903604,0.0016991171932550508,-0.001594071134906051,-0.015744666410132058
2015-04-30,-0.2124711974833023,-0.09158364562974042,0.007297352122433155,0.003186577062489888,0.001471796769202215,0.03684745064222626,-0.026986189990771237,-0.01915611459409427,0.009833542155606834
2015-05-31,0.02860838476894989,0.05205738618534632,0.02810154935488518,0.03157890990686127,0.009059688418518855,0.017963937238986264,0.04430490202382248,0.0443762205777627,0.012856399640974514
2015-06-30,0.0026153853908683087,0.00045694928865819837,0.0008224661992505822,-4.971899967076285e-05,-0.006339962460305753,-0.024233221256711686,0.02047822995584625,0.01337717617879435,-0.020100249853304608
2015-07-31,0.20042124557853686,0.12172048225673693,0.039237409364454856,0.03768141356739271,0.01693071171783271,-0.02968786958083442,0.06561441973622817,0.052237982124529805,0.022147497998596943
2015-08-31,-0.04474974169254348,-0.11475343734342583,-0.0724831711451539,-0.07373618715781231,-0.030133697746030433,-0.042087671763225004,-0.02462866887097176,-0.0496843414682622,-0.06134460828131383
2015-09-30,0.01759936902646292,-0.029625102714710496,-0.03156156489056855,-0.03320438723278555,-0.009634189200409227,-0.02979846956255435,0.015731535836279842,0.00986058329980502,-0.024990094148133357
2015-10-31,0.059346170037858026,0.11887409846263214,0.0839413692023,0.08399226121307066,0.03671395738543484,0.041028820143586185,-0.014410289070786675,-0.01738283476295283,0.085286383261727
2015-11-30,0.10389684647363934,0.03984145726091169,-0.006784036931224756,-0.007257015154890634,-0.001197544143265347,-0.029295070227520516,-0.017677448436410226,-0.019535316142722588,0.0036549464105828378
2015-12-31,0.01458741262395702,-0.027800825141211766,-0.02553687113799019,-0.02584307451518915,-0.004945860400395241,-0.028010834654990588,0.03871600569079364,0.030125929638078537,-0.0171793225549135
2016-01-31,-0.027471056074337807,-0.031327185683688065,-0.044476208361228564,-0.04475127232137645,-0.023086578955752002,-0.03649673190277767,0.01728537129084251,0.017713091630914637,-0.04978620635046327
2016-02-29,-0.03132332758293965,-0.016190998788865298,-0.001046129100905957,-0.0009858675339380514,-0.0024919943241064825,-0.008841606703357763,0.01236832825897155,0.009216362274481119,-0.0008259631845903836
2016-03-31,-0.019514669756611425,0.0449775022568301,0.05618050502261007,0.054914207195419576,0.0032607346069354,0.07341448445504603,-0.03195461755481421,-0.008823171163766732,0.06724225264704553
2016-04-30,-0.08404587516739831,-0.048290586264459125,0.015179233057709851,0.010091919666736029,-0.0015316581987384105,0.05560088135622583,-0.0966185822531645,-0.08311258008442583,0.0039411907004218705
2016-05-31,-0.07189350963485985,-0.03314867255313681,0.0026924796246551317,0.0032809361032642725,0.0010693400919030624,0.013652384880109407,-0.0020801331657165903,-0.0019357149940243935,0.017011829239535814
2016-06-30,-0.1135771567282664,0.016252312657212213,0.06853729948788345,0.06527703598918896,0.02281690904628166,0.04824488156335764,0.002005542134382866,0.01641093515022759,0.003497064300623798
2016-07-31,0.0003128608692593588,-0.002133127654695846,0.03042831591596623,0.023172300240852147,0.018357352444815744,0.00605077060707924,0.012359452828179907,0.006114737934163273,0.036471199848805425
2016-08-31,-0.12764449814185774,-0.07736283472441748,-0.05020582669709034,-0.04349148331011377,-0.0006007846577121749,0.010931406086405998,-0.0011251205527291743,-0.002180380873208392,0.001197944340497692
2016-09-30,-0.03538623631457205,-0.03216829882355688,0.0027623704376014144,-0.00837319691633973,-0.000765913977453761,0.004779934172011322,-0.002269346874074928,-0.0034874171631701905,7.782185280857945e-05
2016-10-31,-0.027368309521628165,-0.02506566354189317,-0.034734517610259974,-0.02792025471310782,-0.018765762641734636,-0.019975948501524142,-0.007903085064850157,-0.0071067895739899195,-0.01733725150281762
2016-11-30,-0.06008095474520769,-0.14004281841127272,0.040981926297160354,0.005870953876673164,0.02847463909814168,0.040252293237304844,-0.11434578136336526,-0.10695902265909824,0.03683869864350853
2016-12-31,0.03670301448474328,0.002020921274170826,0.04149512816035278,0.01860500903342594,0.03266970887596492,0.036362248613951195,0.02148354521434559,0.02406957229997568,0.020282906286629432
2017-01-31,-0.126957883732706,-0.06740929545151723,-0.10598965711778352,-0.08567407435079126,0.003570074539554961,0.005486909109880334,-0.03774165642115823,-0.03974471193637035,0.01789494258896518
2017-02-28,-0.1341251102525271,-0.10099814973140632,-0.09477073906485672,-0.0794175963347909,0.014253165397511857,0.014330088474434934,-0.03959812528633322,-0.057021505096456496,0.03929122984777056
2017-03-31,0.08437695053573835,0.023609224225762587,0.08310469524642755,0.0433802750140394,0.00878942792570141,0.008994763858415503,-0.0176930246970195,-0.013132993104106113,0.0012579654767099768
2017-04-30,-0.05252112255804875,-0.03843751830774205,-0.03941379007106394,-0.03837604390646705,-0.006069804515552434,-0.005992881438629357,-0.013669518557248626,-0.01676385898032854,0.009926422954153802
2017-05-31,-0.010525817386187904,0.027892849224073743,-0.0056690399545636355,0.02617497553900469,-0.0020082518398713764,-0.0018762333876049656,0.01727745226742089,0.02096176571115705,0.014113007078371487
2017-06-30,0.01945833486630122,-0.0037001157133954342,-0.025527277531132264,-0.027457168331441125,-0.00820019091538669,-0.008123267838463613,0.03036040990671396,0.015570017156655704,0.006374169805353436
2017-07-31,0.011365762524003679,0.022623680599338936,0.029807836518967346,0.03419328871162164,0.024493138986580804,0.029267860956517008,0.014255353282926153,0.016609855307811925,0.020554128681501638
2017-08-31,-0.036912788093407256,-0.017751361659037283,0.006837910094476762,0.014979257799396763,0.004633887049038853,0.007150162515462505,0.03974624168929308,0.04393675335214538,0.002917890813776136
2017-09-30,0.07397729245161228,0.07231707959017736,0.03171993304687648,0.03163919678922811,0.02141909909486445,0.023352257497909416,-0.01757239579261538,-0.01361691402234181,0.02014065053547598
2017-10-31,0.03308187138657931,0.034050276801184914,0.0318268130791306,0.03173217595064347,0.01396097354010459,0.01784951513470382,0.059285964226508836,0.068486516012726,0.023564021146649017
2017-11-30,0.023663104308394578,0.0220170871962919,0.018684060065892405,0.018976374562274106,0.030847998000616376,0.030158914271000658,-0.01227570155676605,-0.020478452317138976,0.030566037735848983
2017-12-31,-0.10540003548751109,-0.049589782874436425,0.025895196339583926,0.01542552310498735,0.01771461238861016,0.03791387882354785,-0.025438203692891737,-0.01946799924266847,0.012086512069868105
2018-01-31,0.09646522061101087,0.09802117639579298,0.06696079343583816,0.0667477051814383,0.04195675287698425,0.037417610234649984,0.04086606331942044,0.058269820066151425,0.05635946973984618
2018-02-28,-0.024682951022363286,0.04061673411642336,-0.10484252162856572,-0.04424948805382333,-0.04976612823027914,-0.05368668712738554,0.07463873112045322,0.06842965901468806,-0.03636063676604562
2018-03-31,0.014916166975022016,-0.010297855318694829,0.009526551630600177,-0.019475126811024576,-0.0015195509553390671,-0.0018040935870443395,-0.035635037704734585,-0.03737015452663443,-0.02741554514071165
2018-04-30,0.05992780891646299,0.05002676237633296,0.04929134307655281,0.039374444388747376,0.014726858676310824,0.017284105768646117,-0.029628580425539397,-0.01182189995886323,0.005168258548400528
2018-05-31,-0.04641207227135613,-0.02991222658804646,-0.009032237459316583,-0.007993202908965272,0.007759406417384153,0.01238265650714906,0.02185167605332239,0.032664020044073316,0.024309151804396967
2018-06-30,0.032655617755258826,0.01583891252465251,0.059848961678671375,0.05561930986105789,0.011433897186567057,0.01397627541544439,-0.04207621000580203,-0.042963011910190065,0.0057550737172393784
2018-07-31,-0.045989360260051626,-0.06731539910069094,-0.04984354322816853,-0.04873502519333884,-0.001325987390271975,-0.004660745579733086,-0.03535794654849167,-0.04747857416061751,0.037046851238464296
2018-08-31,0.04736750829169473,0.0556935041480649,0.018457052898203152,0.021704846908794026,0.017753417392843154,0.011861600843584648,0.03391171920367231,0.03431216510631609,0.03191957793037403
2018-09-30,0.06060362730384994,0.04376232425201041,0.06133035039278756,0.06303336864943275,0.013263559068423999,0.014223081491073174,-0.005834501908602129,-0.011295074064615575,0.005948566449602399
2018-10-31,-0.10365439495363937,-0.08261957775382159,-0.10128009619360545,-0.10065338929197475,-0.04324810154984628,-0.041428801813264,-0.07897400087889955,-0.07839246844760706,-0.06910450008263047
2018-11-30,-0.22071631963599303,-0.15438625986683516,-0.22568285521642828,-0.2260048215847806,0.006096052225617175,0.00575026082449059,-0.02191757820345025,-0.02647074674871565,0.018549461697249248
2018-12-31,-0.1534007463994314,-0.12416602905770886,-0.11729623999723188,-0.11753614120761417,-0.07424658122152215,-0.08289162225680605,0.035186996595549025,0.03625848565729113,-0.08793641761716275
2019-01-31,-0.16008891636059547,-0.09899015305386345,-0.04411064593095876,0.001529824478107374,0.016407285288156947,0.06841522641429276,-0.028176025056065646,-0.02459561470815479,0.08006564540649985
2019-02-28,-0.035053945791194474,-0.028819296257407246,0.01781565491373216,0.014151035218079405,-0.0004615384615384616,0.026554588415250668,-0.010728640559485081,-0.008840247936575193,0.03241579062954503
2019-03-31,-0.0633547587483802,-0.04438492255364716,-0.025281309592423973,-0.00995726641528016,0.001518365313272234,0.012082726069917303,0.022850891289632524,0.02686570640670061,0.018079034821557594
2019-04-30,-0.017405176262392297,-0.0026763160830475287,0.01274685413649257,0.0114268478177279,0.008248471486917132,0.023282576258027328,-0.03110366915583207,-0.035934208293490914,0.04085224148024613
2019-05-31,0.05394889032344907,-0.01676573628532609,-0.0635180701452272,-0.05848500227005724,-0.022002129890740067,-0.059803327151816126,0.027863232092966705,0.01051833360669462,-0.06377093519468557
2019-06-30,0.04806703046467459,0.0510210409169779,0.06419403375591781,0.06163533176692017,0.03237505240488551,0.050547238138290033,-0.016035780225144958,0.003612236554901736,0.06959250540382311
2019-07-31,0.006706132604006156,0.012300460174008106,0.002614898605961203,0.005879994374655944,0.00539740163354305,0.00372647859366574,-0.0012347245011045662,0.002545640903985206,0.015119422788594461
2019-08-31,0.09977143539199462,0.10958491485712112,0.02858721836206002,0.046486002842490506,0.00020661251851066068,-0.0056792865196718285,0.06734353049405156,0.06125860363903585,-0.016743434265151125
2019-09-30,-0.018188376369685785,-0.01988191322183516,-0.0080142528792847,-0.010234600057908832,0.00035532683841071357,0.004011546121785054,-0.003481562304586793,0.004665271272086269,0.01947879455277346
2019-10-31,0.05772580237902403,0.06515467313046683,0.04422400239672053,0.03966662633074104,0.011350538937123806,0.02511002560287306,0.002222029265239567,-0.006956870038377688,0.022104772510671777
2019-11-30,-0.041412806107534395,-0.07017328191054453,-0.046018498897038296,-0.04246890482595825,0.009487915860983017,0.01722361944483557,-0.0005862591767102901,-0.00409428315052962,0.03619836111300012
2019-12-31,0.08918933575655236,0.07237240623724073,0.045116914659798724,0.04472521048335093,0.02857612636519235,0.024645738971083866,-0.01210465432316521,-0.00940890775537821,0.029033481894521707
2020-01-31,-0.013383059688264918,0.0064031287699389036,-0.05921792219015143,-0.02992482017182149,-0.028491170217489262,-0.03561961060239487,0.07395891172234664,0.06403238387936758,-0.0004041531252632069
2020-02-29,0.02976557905212307,-0.022938433887808467,-0.07708796500341242,-0.07774704593855736,-0.07850933364386732,-0.08326527403855118,0.03228501073894985,0.00640355579579402,-0.07916551797553772
2020-03-31,0.1470570785654861,0.09162541562088973,-0.046623536202662574,-0.04003147569177064,-0.06413588336544267,-0.19684710761303092,0.11920458064278872,0.05362145299010358,-0.12464281056213611
2020-04-30,-0.027102337220247685,0.06557229367897446,0.10332868144602425,0.09510631548778005,0.06813011366732902,0.09843232120680372,-0.11806198680080937,-0.040923320764865725,0.12698352900540777
2020-05-31,-0.8208122376880672,-0.29061576748901063,0.04889401114719816,0.04244888727537084,0.009667430977456662,0.17794829059128633,0.026724597082915413,0.04489441902105409,0.04764560748393687
2020-06-30,-0.11143603885087905,0.03941072603800831,0.05023733240354222,0.04568479371265748,0.010583974431610813,0.04478806857554591,0.03062380621259725,0.029056514472112428,0.01776070939585983
2020-07-31,0.053478396541868256,0.14995190076061907,0.08193771057924637,0.0887617476227423,0.05821724486947437,0.07317435670224032,0.06051395411660054,0.06728235153068518,0.058892302251304374
2020-08-31,0.03803646246967535,0.07198328700885924,0.057992028779156324,0.04644309542332537,0.03923227053471414,0.07165749486687575,0.05618117036637421,0.0727574889622835,0.06979673183458979
2020-09-30,0.01335798215131978,-0.05252160699003774,-0.11384452494420155,-0.09314376612558334,-0.025584422223867205,-0.07372445363580216,0.052289450031335394,0.005330900381468687,-0.0373983158366088
2020-10-31,0.05187566686415862,-0.004712561089838211,-0.01791521661340889,-0.029155516497486534,-0.011983654474523679,0.0316227423134036,-0.014765179735298284,-0.030903268325453842,-0.024933671407522895
2020-11-30,-0.08203585935145258,-0.02837076350468114,0.03583299530429901,0.06112316100109059,0.03338340760538714,0.10721037908307188,-0.11731924700915453,-0.05461693742921006,0.10877690052541267
2020-12-31,0.043608560577038324,0.10909590965587468,0.11390203569960777,0.08776713724454767,0.025130864932635295,0.046074120221714934,-0.014174622839568496,0.003279356837781985,0.037065843572213986
2021-01-31,-0.0035950446750820913,-0.010821101085774072,0.05447811480567977,0.018170897373428273,0.007608248813246606,0.021221196859530948,-0.010110115430089217,-0.0022915104793073374,-0.010190248904493604
2021-02-28,-0.2088938435269011,-0.12508647902448883,-0.0005923137016207161,0.0037769826909770134,0.007632643990844181,0.05360387982050033,-0.16614386595707176,-0.11854032154185012,0.02780548762720869
2021-03-31,-0.06648494801086274,-0.09046076006029131,-0.06934208404034903,-0.07444613143093633,0.009625142111908125,0.012072499025403024,-0.012746261622341604,-0.00012376585711198942,0.04540511208963993
2021-04-30,0.038050505607019836,-0.027073630908588758,0.0675473458226784,0.06760013899274514,0.05433849594110062,0.0544154190180237,0.003684661443040807,-0.006852532784148,0.052910318087713515
2021-05-31,-0.015337915433874638,-0.06742607711243521,0.03415905674569364,0.03442380698729285,0.03404712423583735,0.03404712423583735,-0.0009900468475444995,-0.0079270954686023,0.0065659758485092645
2021-06-30,0.13406338866825684,0.08294414683408158,0.10900830255013105,0.10892852383383805,0.03686005392456147,0.03686005392456147,-0.007666555557260201,-0.007472067274977653,0.022472757389310427
2021-07-31,-0.03253306212749163,-0.03889621599575216,-0.007591256857641503,-0.012735414517908562,0.007393543161853203,0.007393543161853203,-0.08051612096842958,-0.0719353482551356,0.02441259154721842
2021-08-31,0.041191189891408464,0.009197154954875126,0.011295036943301417,-0.029423396573355083,0.0035734961379776985,0.003661274764420088,-0.0011039604769411682,-0.0074772352791965015,0.029759849278913286
2021-09-30,0.13176483779024722,0.11773036331668461,0.07829279740781436,0.07900013554158002,0.022309256901361558,0.01415971222714112,0.06605476571594443,0.053128777649456525,-0.04657525156532172
2021-10-31,-0.02241965990028283,-0.034798773248426944,0.024928543888960264,0.04238424846574243,0.06375054676224595,0.06506498299805369,0.010045541133877567,-0.045669936255900934,0.07016339833539309
2021-11-30,-0.15953993905410463,-0.123734324046268,-0.1785983051946648,-0.17902505989191964,-0.04934900137719454,-0.052204134629588415,-0.055065153814978174,-0.040577431453051774,-0.00803470494548264
2021-12-31,-0.02953925835398874,-0.017332272454429355,-0.00895978495601979,0.01912075760137435,0.033372143831271246,0.0335259899851174,-0.06650325977383875,-0.10376061158694269,0.046294884880363485
2022-01-31,0.34689840979524145,0.21483083922267626,0.32062314067976816,0.2789025298145052,0.0573117059172178,0.05342320297637576,0.10032792962496168,0.05978097784316856,-0.052741177913385506
2022-02-28,-0.00040123961833715607,-0.047737539185759806,0.07343233571956653,0.07310437085478923,-0.005606384871965793,0.0057526267184809295,0.03931454743782853,0.02633411288516035,-0.02951705654898118
2022-03-31,0.11942562826157099,0.03448387310155863,0.13399329896594625,0.10607598509780909,0.04893185305616095,0.0500821360328618,0.010384980996682171,-0.004406433096511835,0.03755555847680325
2022-04-30,0.2464944033363239,0.20792058150684664,0.14656660359435647,0.11171769994264133,-0.020433502071288714,-0.020356578994365635,0.03914194019784639,0.050129238183730766,-0.08776905126245094
2022-05-31,0.24931310610509633,0.19609155635209505,0.19759492442115834,0.17892367241125087,0.03742431602271346,0.03348324302359297,0.08743758497802473,0.0667281793887999,0.0022571871322842885
2022-06-30,-0.0598656660589032,0.06401487132098499,-0.14341380293881661,-0.11503362798477755,-0.052549283350729344,-0.08126854773372647,0.010122243973811729,0.034133576028675575,-0.08246918433864081
2022-07-31,0.08833027122892756,-0.02919567318496508,0.1841655370770494,0.15134669620984756,0.02161410571414201,0.046475832629857196,-0.09613845739458449,-0.09624719326415146,0.0920875362018887
2022-08-31,0.05052599406459746,0.07270890274041855,-0.0320647799609487,-0.07335908925987361,-0.01283701580575095,-0.03720212999899931,0.057539751057730126,0.03832938045883672,-0.040801979569174196
2022-09-30,-0.20734684695108163,-0.11797932452797959,-0.19045287525622195,-0.1522943658526238,-0.05019317311511744,-0.08038343888241058,-0.010124518609710143,-0.02461016750132864,-0.09241652825128854
2022-10-31,0.019755304582741107,0.07079838599434245,0.017014845350201757,0.11034800046078788,0.019735133747903488,0.047549710944491085,0.1046965928702589,0.07741363618562828,0.08127563996016751
2022-11-30,0.16253791587479516,0.034435661761838016,0.20359996244028944,0.13498821892754642,0.024829048554174303,0.06185682800222835,-0.003085002421485571,0.010721934883504376,0.05559146893900446
2022-12-31,0.06544556449711209,0.08406461647251125,-0.03254141086162743,-0.03265496521065031,-0.04717190563105743,-0.054830743841230364,0.06910461215385794,0.06272285868949097,-0.05757561464566674
2023-01-31,-0.23244647622607956,-0.19542714980716014,-0.11051757431697212,-0.049738116020459536,-0.01836540307956601,0.018183740212674705,-0.11329938473297757,-0.10717619304784207,0.06288717508470643
2023-02-28,-0.05537247356287428,-0.09788124096692684,-0.09329926513767689,-0.09757264516798703,-0.023934274818274405,-0.03566070791408102,-0.050335825187852457,-0.057731719124547776,-0.0251425677819328
2023-03-31,0.11304805620932878,0.06862246437024043,0.009892305698572912,0.013970253823587313,0.01086583048314888,0.011088771935518802,-0.05869526694211813,-0.04359833122581942,0.03712477396499003
2023-04-30,-0.017588187894838847,0.01766918498000778,0.031155444441816726,0.03250635672202856,0.0019052899009557058,0.02207449614917715,0.03736878360456719,0.04302837230098504,0.015974959643318964
2023-05-31,0.08733275403048207,0.10710812238720395,-0.006572195519292833,0.0058719259488199255,-0.010141241342119058,-0.044038290384235734,0.0010018469630297417,0.017468098287283768,0.0046163580744809085
2023-06-30,-0.09674686936592564,-0.04964924287804768,0.012303647311987576,0.012964472480782124,0.015687803087255012,0.0511982119411941,-0.05100347308759379,-0.03709566439268792,0.06481401368445172
2023-07-31,-0.03754782164178938,-0.05867649648113061,0.054483016392507744,0.05320869806042685,0.026731182889063086,0.053905415845845905,0.010279227652712612,0.0029648798993347184,0.03273335337793726
2023-08-31,-0.024410446484858017,-0.032827651650561694,-0.016141379100668596,-0.016457721935003725,-0.00878737310922179,-0.0057926209707476525,0.0002814329812579905,0.00033622863461264395,-0.01625209199542066
2023-09-30,-0.14725419312058402,-0.15895738446823535,-0.07472745036654577,-0.07448720962731781,-0.029613644310619705,-0.011808351566339637,-0.017709879557813057,-0.013917871281412994,-0.047393310310476666
2023-10-31,-0.061681741616782304,0.023828602471173434,0.014300489933581795,0.012020966527460476,-0.019110160887462112,-0.007343663725867633,0.011604387414525907,0.013349131566935258,-0.021708617562153365
2023-11-30,0.16848490586942416,0.0916700862235293,0.10179188639889825,0.10635199102543247,0.024334562353357552,0.02682454863358568,0.07050035135844168,0.020491388812479916,0.09134393504624749
2023-12-31,0.04355514554351736,0.012526333592488859,0.02616822257279905,0.022618911294396506,0.0013013520588106913,0.008250586187739047,0.01079021249785772,-0.007102353949743593,0.045662484374192625
2024-01-31,0.034493491365943485,3.439293119187649e-05,-0.009555145602034076,-0.006803805417631566,-0.0019101056400756635,-0.0010776907072264947,-0.030397790791226065,-0.03184180357766144,0.015926534131213366
2024-02-29,0.0331343369401812,0.04704895895423163,0.06298606522668959,0.06234038358623973,0.018940862358438147,0.007358999805541662,0.03513009138944656,0.023129190339648397,0.05218678340718497
2024-03-31,0.032875658010208364,-0.008503675935217444,0.019305146620970604,0.02118534231699193,0.035007256908524576,0.03874661007255725,-0.04969248278475402,-0.04633269832270931,0.0327238996994228
2024-04-30,-0.13875016001893115,-0.12757299795943286,-0.05070252058753655,-0.05054283066737812,-0.015072261127847684,0.005211782915231956,-0.040356847459491973,-0.037158438756665225,-0.040319618342716135
2024-05-31,-0.015068662290477541,-0.010051825102834566,0.051242617578990624,0.05019649203680223,0.014640702181630027,0.024765514469240513,0.026049513799841884,0.010553718371763129,0.05057972212289008
2024-06-30,-0.19215949035238628,-0.07131267373189254,-0.012599730789306707,-0.012655109053633356,0.013612852594404342,0.04134751119423148,-0.020491000208738563,-0.018789776674861435,0.03528455550518661
2024-07-31,0.12484007075825654,0.07564094697471216,0.040618999685025914,0.04625378683749028,0.004445757719800962,-0.010811712083123388,-0.008679316216927578,-0.007684936267918361,0.012109128868742491
2024-08-31,0.04525035202193617,0.04972844937862604,0.013179080821404067,0.014487177492123004,0.006678611629101592,0.006282100923312537,-0.014763448905838472,-0.030588620229928414,0.02336560100947227
2024-09-30,-0.12913597805685617,-0.013461582508937432,0.009452369726535015,0.007320735828569299,0.01915253160692804,0.03451774833102548,0.017962826093578854,0.012423715888730941,0.021009264792861027
2024-10-31,0.15456979587698172,0.047582887395987414,0.005002385928439712,0.006772624609932142,0.003648387851080108,-0.018558942136218837,0.008186808603198203,0.007681712004426534,-0.008923683501901425
2024-11-30,-0.3574333630194394,0.007350006252127101,0.08109692239480504,0.07922261581866952,0.020048378860801856,0.0859014251807504,0.03908982313364384,0.036734432033919975,0.05963356837173128
2024-12-31,-0.03403565749004306,-0.03664779869826974,-0.02972901602599981,-0.02474769840316604,-0.02703685446960627,-0.021663798177294996,0.039846214674867264,0.033665028653971286,-0.024099782948004966
2025-01-31,-0.05935446929242971,0.009480514140635287,-0.03863191179799619,0.038730396617716205,0.019289967671961117,0.022401130363412427,0.0005554244735832548,0.0012776391587562188,0.02685639721936295
2025-02-28,0.16626443462727375,0.026410762453981523,0.13132574900510935,-0.020405974595350873,0.029694106339970706,0.025474790819134462,-0.05519620502990358,-0.05345446677994105,-0.01269488025328902
2025-03-31,0.042082542746799234,0.008345964450334637,0.07217931929851717,0.08482099637805791,0.00038318343772545527,0.00509037983029745,-0.07212732204475736,-0.06581468846192634,-0.05572094082163126
2025-04-30,0.09232139269755313,0.23367820371799822,-0.08312088702682807,0.04070599648315464,-0.023796570426370487,-0.06137056440655427,0.07721420430525261,0.08662797434549556,-0.008670150340856608
2025-05-31,-0.06574771710817717,-0.034551180813395525,-0.04221511295629221,-0.009993940406110825,0.01727879280612574,0.02097611652180035,0.08595642781189894,0.08939785043545692,0.0628449484965905
2025-06-30,-0.006808181095559418,-0.07002818081643329,0.06234003223900447,0.0015861418343212968,0.029344339012580326,0.0480483130025318,-0.010096783451689073,-0.00927305700655532,0.05139376509099236
2025-07-31,-0.06774125162265021,-0.05241991979111892,0.0016152273536120818,0.0018388630984712815,0.001678511093746162,0.011532897519526599,0.011457002428016949,0.016056889737661194,0.02303142471184949
2025-08-31,0.08157878577957689,0.11222426217373256,0.000809369496926394,0.030561265204515763,0.01192930568793173,0.006513360567063103,-0.006318200868653867,-0.010849482524716939,0.020519541967711552
2025-09-30,0.08825877765852175,0.08045418566036658,0.1029913739958831,0.11813884677464352,0.04530727198589151,0.044053567959565144,0.04756034999176362,0.04361699831812071,0.035606532370551
2025-10-31,0.03837567745662884,0.027719961611000418,0.046387314823172154,0.04736747899180448,0.02792226154848166,0.02356871417053614,0.012546074617509008,0.01128009499786162,0.023837358013667043
2025-11-30,0.22539753273855606,0.14244149864513297,0.19026191263224357,0.13680045143103875,0.03457883836260011,0.03624213934619249,-0.09897835883701916,-0.10155775311353939,0.001949990886442432
2025-12-31,0.2527141796279303,0.23022635852356702,0.22022075251629192,0.1763836582842634,0.03486571187616166,0.02768325087207235,0.010378735731965573,0.011731442677136827,0.0007714849484450337
2026-01-31,0.22342837139731453,0.18595715787787792,0.3754833254082588,0.2998368825034556,0.1434927190096503,0.1671165580882571,-0.03883904842671365,-0.05326249325903861,0.014737875949035972
2026-02-28,-0.14329763758160297,-0.0950306520199943,-0.13066385629891214,-0.0850500135543555,-0.05819242064841722,-0.05624876198954171,-0.04324626147055327,-0.04965918222007027,-0.008641972618183669
2026-03-31,-0.8238728133020761,-0.8496968358131984,-0.16762228980624266,-0.14824442130334756,-0.05064925586425306,0.050312363135105925,0.013430792189874918,0.020275726721524844,-0.04934204355737293
2026-04-30,0.07015858627192184,0.04818128246983845,0.019822648155259137,0.01523346370017899,0.039425740147743915,0.03592735609371989,0.12576415387646933,0.10282100784536555,0.10505276509573802
2026-05-31,-0.22776471756588884,-0.06594688416334078,-0.09946432621469764,-0.09428891832982308,-0.008740443521528371,0.011809673028588178,0.0822231752644369,0.05158867024114473,0.05262580794654026
2026-06-30,-0.25854325726684163,-0.1559294016119016,-0.23705433392114145,-0.2367606144205501,-0.05971035749206502,-0.05971035749206502,-0.05155963338038122,-0.059457617140067934,-0.010319437932157838
2026-07-31,0.0473468030531396,-0.08548128056267379,-0.033871007548377075,-0.056225802330171534,0.03739420248464725,0.04232614686930568,-0.022158508074378858,-0.036163147847797325,0.0003481661020126037
2026-08-31,0.124614180703566,0.11867173783949081,0.0945303846739668,0.0809201989493475,0.04394908089000492,0.03839022819035799,0.05890625862377885,0.03196353861779831,0.026799459191732655
2026-09-30,0.11514081077557786,0.07716413513057255,0.08605619655125507,0.07331137566159644,0.014676949933243848,0.01244352818258072,0.031914061853306586,0.034380075389582744,-0.003598200899550208
